index,id,name,type,island,confidence,bucket,officialAuditSampled,candidateName,candidateSource,candidateLat,candidateLng,reason
23,st_john-archive_record-annaberg-plantation-records,Annaberg Plantation Records,archive_record,st_john,review,review_candidate,false,Anna Point,geographic_index,18.371289,-64.733869,contains_clean_slug
34,st_croix-estate-arnesen,Arnesen,estate,st_croix,none,research_clean_name_no_candidate,true,Canegarden,geographic_index,17.707521,-64.727444,weak_similarity
40,st_croix-bay-babil-bay,Babil Bay,bay,st_croix,none,research_clean_name_no_candidate,false,BODKIN,geographic_index,17.75023931514295,-64.8357929761099,weak_similarity
41,st_thomas-bay-backefall-bay,Backefall Bay,bay,st_thomas,none,research_clean_name_no_candidate,false,Hull Bay,geographic_index,18.3709,-64.9547,weak_similarity
42,st_thomas-bay-baker-bay,Baker Bay,bay,st_thomas,none,research_clean_name_no_candidate,false,BAKKERO,geographic_index,18.32437770527245,-64.91758954396096,weak_similarity
44,st_thomas-island-ballast-island,Ballast Island,island,st_thomas,none,research_clean_name_no_candidate,false,BELLEVUE,geographic_index,18.3265528432309,-64.9212594012035,weak_similarity
45,water_island-bay-banana-bay,Banana Bay,bay,water_island,none,research_clean_name_no_candidate,false,Honeymoon Beach,geographic_index,18.3195,-64.9517,weak_similarity
46,water_island-bay-banana-point,Banana Point,bay,water_island,none,research_clean_name_no_candidate,false,Honeymoon Beach,geographic_index,18.3195,-64.9517,weak_similarity
48,water_island-point-bandy-point,Bandy Point,point,water_island,none,research_clean_name_no_candidate,true,Honeymoon Beach,geographic_index,18.3195,-64.9517,weak_similarity
49,st_croix-estate-banson-plantation,Banson Plantation,estate,st_croix,none,research_clean_name_no_candidate,true,CANAAN,geographic_index,17.760974916404052,-64.7997957341543,weak_similarity
50,st_thomas-bay-barents-bay,Barents Bay,bay,st_thomas,none,research_clean_name_no_candidate,false,Caret Point,geographic_index,18.36457293689035,-64.97608543520525,weak_similarity
51,st_croix-point-baron-bluff,Baron Bluff,point,st_croix,none,research_clean_name_no_candidate,true,HAMS BLUFF,geographic_index,17.76770637435705,-64.8718015967397,weak_similarity
57,st_thomas-estate-barrett-estate,Barrett Estate,estate,st_thomas,none,research_clean_name_no_candidate,true,CARET BAY,geographic_index,18.36457293689035,-64.97608543520525,weak_similarity
58,st_john-bay-base-hill,Base Hill,bay,st_john,none,research_clean_name_no_candidate,false,Ram Hill,geographic_index,18.304556,-64.701833,weak_similarity
59,st_john-bay-bass-gut,Bass Gut,bay,st_john,none,research_clean_name_no_candidate,false,SAUNDER'S GUT,geographic_index,18.33566130318645,-64.71543448803669,weak_similarity
62,st_thomas-historic-battery,Battery),historic,st_thomas,none,generic_fragment_do_not_coordinate,true,BAKKERO,geographic_index,18.32437770527245,-64.91758954396096,weak_similarity
63,st_croix-gut-baudouins-gut,Baudouins Gut,gut,st_croix,none,research_clean_name_no_candidate,false,Caledonia Gut,geographic_index,17.76172242200235,-64.86961726911215,weak_similarity
64,st_thomas-estate-bay,Bay,estate,st_thomas,none,generic_fragment_do_not_coordinate,true,ADELPHI,geographic_index,18.3503525854884,-64.98204334502465,
65,st_thomas-bay-bay,Bay,bay,st_thomas,none,generic_fragment_do_not_coordinate,false,Bolongo Bay,geographic_index,18.3175123332078,-64.89879745646965,
72,st_thomas-dictionaryEntry-bcotch-reef,Bcotch Reef,dictionaryEntry,st_thomas,none,ocr_or_name_cleanup_first,false,Bonne Esperance Estate,geographic_index,18.35446178282435,-64.9895367101718,weak_similarity
74,st_john-point-beaehing-spit,Beaehing Spit,point,st_john,none,research_clean_name_no_candidate,true,Hawksnest Bay,geographic_index,18.3541,-64.7792,weak_similarity
75,st_croix-estate-beaucoeur-plantation,Beaucoeur Plantation,estate,st_croix,none,research_clean_name_no_candidate,true,Butler Bay,geographic_index,17.753232112647552,-64.87980189785985,weak_similarity
76,st_croix-bay-beauregard-bay,Beauregard Bay,bay,st_croix,none,research_clean_name_no_candidate,false,Canegarda Point,geographic_index,17.702682157254202,-64.84359059453385,weak_similarity
77,st_croix-estate-beck-grove,Beck Grove,estate,st_croix,review,review_candidate,true,GROVE PLACE,geographic_index,17.730883867683502,-64.8230564385662,contains_clean_slug
79,st_thomas-bay-bedhook-bay,Bedhook Bay,bay,st_thomas,none,research_clean_name_no_candidate,false,Coki Point,geographic_index,18.3499,-64.8676,weak_similarity
80,st_croix-hill-bee-hill,Bee Hill,hill,st_croix,none,research_clean_name_no_candidate,false,Hermon Hill,geographic_index,17.73418300782975,-64.71072853406909,weak_similarity
82,st_croix-estate-beffron-hill,Beffron Hill,estate,st_croix,weak,review_candidate,true,BEESTON HILL,geographic_index,17.739728868772353,-64.72345206833634,weak_similarity
94,st_croix-bay-benny-kenny-hill,Benny Kenny Hill,bay,st_croix,none,ocr_or_name_cleanup_first,false,Recovery Hill,geographic_index,17.73688179370825,-64.69789096304835,weak_similarity
96,st_thomas-hill-berg-hill,Berg Hill,hill,st_thomas,none,research_clean_name_no_candidate,false,Bethesda Hill,geographic_index,18.3559062831591,-65.00835365155365,weak_similarity
101,st_thomas-estate-bethel-estate,Bethel Estate,estate,st_thomas,none,research_clean_name_no_candidate,true,BETHESDA,geographic_index,18.3559062831591,-65.00835365155365,weak_similarity
116,st_croix-estate-beverhoudt-estate,Beverhoudt Estate,estate,st_croix,none,research_clean_name_no_candidate,true,PETER'S REST,geographic_index,17.726211395107647,-64.7368568207058,weak_similarity
118,st_thomas-bay-beverhout-plantation,Beverhout Plantation,bay,st_thomas,none,research_clean_name_no_candidate,false,Benner Hill,geographic_index,18.330419,-64.859625,weak_similarity
119,st_thomas-bay-beverhout-point,Beverhout Point,bay,st_thomas,none,research_clean_name_no_candidate,false,Benner Hill,geographic_index,18.330419,-64.859625,weak_similarity
120,st_john-estate-beverhoutberg-estate,Beverhoutberg Estate,estate,st_john,weak,review_candidate,true,BEVERHOUDTSBERG,geographic_index,18.334883331417153,-64.76886598807245,similarity_or_token_overlap
123,st_john-bay-billington-hill,Billington Hill,bay,st_john,none,research_clean_name_no_candidate,false,Leinster Hill,geographic_index,18.36092071796525,-64.71843131202445,weak_similarity
124,st_thomas-point-billy-french-point,Billy French Point,point,st_thomas,review,review_candidate,true,French Bay,geographic_index,18.31958030255245,-64.9084111427579,contains_clean_slug
127,st_thomas-point-black-point,Black Point,point,st_thomas,review,review_candidate,true,Blackbeard’s Castle,geographic_index,18.3445,-64.9302,contains_clean_slug
128,st_thomas-hill-blackbeard-hill,Blackbeard Hill,hill,st_thomas,none,research_clean_name_no_candidate,false,Elizabeth Hill,geographic_index,18.35136065410805,-64.93523180616941,weak_similarity
131,st_john-point-blackrock-hill,Blackrock Hill,point,st_john,none,research_clean_name_no_candidate,true,Concordia Hill,geographic_index,18.30740743739495,-64.70375086625529,weak_similarity
132,st_croix-estate-bladwell-estate,Bladwell Estate,estate,st_croix,none,research_clean_name_no_candidate,true,Belvedere Hill,geographic_index,17.768944,-64.801944,weak_similarity
133,st_john-bay-blasbalg-point,Blasbalg Point,bay,st_john,none,research_clean_name_no_candidate,false,GLUCKSBERG,geographic_index,18.3329838022163,-64.77580007724475,weak_similarity
138,st_thomas-point-blg-faat-cay,Blg Faat Cay,point,st_thomas,none,research_clean_name_no_candidate,true,LITTLE FLAT CAY,geographic_index,18.3176615035053,-64.9888146529801,weak_similarity
141,st_croix-estate-blue-mountain,Blue Mountain,estate,st_croix,review,review_candidate,true,MOUNTAIN,geographic_index,17.71409151355645,-64.835947393362,contains_clean_slug
142,st_thomas-hill-bluebeard-hill,Bluebeard Hill,hill,st_thomas,none,research_clean_name_no_candidate,false,Bluebeard’s Castle,geographic_index,18.3387,-64.9255,weak_similarity
145,st_croix-bay-bluegut-bay,Bluegut Bay,bay,st_croix,none,research_clean_name_no_candidate,false,BELLEVUE,geographic_index,17.746020712480302,-64.73187786074041,weak_similarity
147,st_john-point-boatman-point,Boatman Point,point,st_john,none,research_clean_name_no_candidate,true,BETHANY,geographic_index,18.32875985137175,-64.78395168634535,weak_similarity
155,st_thomas-island-boken-or-ruck-island,Boken or Ruck Island,island,st_thomas,none,research_clean_name_no_candidate,false,LOWER JOHN DUNKO,geographic_index,18.342796459548502,-64.9495968439204,weak_similarity
163,st_croix-estate-bonne-espbrance,Bonne EspBrance,estate,st_croix,none,ocr_or_name_cleanup_first,true,BONNE ESPERANCE (NORTH),geographic_index,17.76623687995135,-64.78335798034175,weak_similarity
173,st_thomas-estate-bopcks-creek,BoPcks Creek,estate,st_thomas,none,ocr_or_name_cleanup_first,true,Brewers Bay,geographic_index,18.3444,-64.9782,weak_similarity
188,st_thomas-dictionaryEntry-bordeouo-plantation,Bordeouo plantation,dictionaryEntry,st_thomas,none,research_clean_name_no_candidate,false,BORDEAUX,geographic_index,18.356590458506503,-65.01661868979055,weak_similarity
189,st_thomas-estate-borgenfri,Borgenfri,estate,st_thomas,none,research_clean_name_no_candidate,true,BORDEAUX,geographic_index,18.356590458506503,-65.01661868979055,weak_similarity
190,st_thomas-estate-borpenfrei,Borpenfrei,estate,st_thomas,none,research_clean_name_no_candidate,true,Benner Bay,geographic_index,18.330419,-64.859625,weak_similarity
191,st_thomas-estate-bosehill,Bosehill,estate,st_thomas,none,research_clean_name_no_candidate,true,Donoe Hill,geographic_index,18.3360307539689,-64.90137070522624,weak_similarity
197,st_thomas-point-boufron-point,Boufron Point,point,st_thomas,none,research_clean_name_no_candidate,true,BOVONI,geographic_index,18.3156803213225,-64.8845745482555,weak_similarity
198,st_thomas-point-boulder-point,Boulder Point,point,st_thomas,none,research_clean_name_no_candidate,true,Benner Bay,geographic_index,18.330419,-64.859625,weak_similarity
199,st_thomas-estate-bourgen-estate,Bourgen Estate,estate,st_thomas,none,research_clean_name_no_candidate,true,Lerken Bay,geographic_index,18.35975098547915,-64.94000561367716,weak_similarity
208,st_croix-bay-breid-bay,Breid Bay,bay,st_croix,none,research_clean_name_no_candidate,false,Lareine,geographic_index,17.73398053250315,-64.7709332398327,weak_similarity
212,st_croix-bay-broad-bay,Broad Bay,bay,st_croix,none,research_clean_name_no_candidate,false,Brook Estate,geographic_index,17.727694,-64.859333,weak_similarity
213,st_thomas-estate-brock-estate,Brock Estate,estate,st_thomas,none,research_clean_name_no_candidate,true,BUCK ISLAND,geographic_index,18.27684110476125,-64.8922408046305,weak_similarity
214,st_thomas-bay-brommer-hill,Brommer Hill,bay,st_thomas,none,research_clean_name_no_candidate,false,Benner Hill,geographic_index,18.330419,-64.859625,weak_similarity
221,st_thomas-estate-brown-estate,Brown Estate,estate,st_thomas,weak,review_candidate,true,Crown Bay,geographic_index,18.3516443841391,-64.97518249799175,weak_similarity
224,st_thomas-estate-bt,Bt,estate,st_thomas,none,generic_fragment_do_not_coordinate,true,ADELPHI,geographic_index,18.3503525854884,-64.98204334502465,
225,st_thomas-estate-btazley-point,BtaZley Point,estate,st_thomas,none,ocr_or_name_cleanup_first,true,Botanybay,geographic_index,18.354012,-65.033474,weak_similarity
228,st_thomas-bay-btwmphfar-bay,Btwmphfar Bay,bay,st_thomas,none,ocr_or_name_cleanup_first,false,DUTCHMAN CAP,geographic_index,18.37996707126645,-65.0617794059329,weak_similarity
229,st_thomas-bay-buck-bay,Buck Bay,bay,st_thomas,exact,review_candidate,false,BUCK ISLAND,geographic_index,18.27684110476125,-64.8922408046305,exact_clean_slug
239,st_john-bay-buhvun-point,Buhvun Point,bay,st_john,none,ocr_or_name_cleanup_first,false,BELLEVUE,geographic_index,18.33037923226835,-64.7691885039207,weak_similarity
242,st_thomas-point-bull-point,Bull Point,point,st_thomas,none,research_clean_name_no_candidate,true,HULL,geographic_index,18.367754652070353,-64.95262479216476,weak_similarity
244,st_thomas-hill-bulow-hill,Bulow Hill,hill,st_thomas,none,research_clean_name_no_candidate,false,Bolongo Hill,geographic_index,18.3175123332078,-64.89879745646965,weak_similarity
247,st_thomas-estate-bulowminde,Bulowminde,estate,st_thomas,none,research_clean_name_no_candidate,true,BOLONGO,geographic_index,18.3175123332078,-64.89879745646965,weak_similarity
251,st_john-estate-buona-viata,Buona Viata,estate,st_john,none,research_clean_name_no_candidate,true,CONCORDIA A,geographic_index,18.30740743739495,-64.70375086625529,weak_similarity
252,st_john-estate-buonavista,Buonavista,estate,st_john,none,research_clean_name_no_candidate,true,Carolina-Lyst,geographic_index,18.34652014852835,-64.72762843003869,weak_similarity
253,st_john-estate-buonavista-hill,Buonavista Hill,estate,st_john,none,research_clean_name_no_candidate,true,Concordia Hill,geographic_index,18.30740743739495,-64.70375086625529,weak_similarity
256,st_croix-hill-bush-hill,Bush Hill,hill,st_croix,none,research_clean_name_no_candidate,false,BURNS HILL,geographic_index,17.758095386224348,-64.8751651290253,weak_similarity
257,st_thomas-estate-busna-eaperanza,Busna Eaperanza,estate,st_thomas,none,research_clean_name_no_candidate,true,BONNE ESPERANCE,geographic_index,18.35446178282435,-64.9895367101718,weak_similarity
259,st_thomas-estate-butler-bay-and-william-estate,Butler Bay and William Estate,estate,st_thomas,none,research_clean_name_no_candidate,true,Benner Hill,geographic_index,18.330419,-64.859625,weak_similarity
262,st_croix-estate-butzberg-estate,Butzberg Estate,estate,st_croix,weak,review_candidate,true,BOETZBERG,geographic_index,17.74585335311665,-64.67922114125466,weak_similarity
264,st_thomas-bay-cabes-point,Cabes Point,bay,st_thomas,none,research_clean_name_no_candidate,false,Caret Point,geographic_index,18.36457293689035,-64.97608543520525,weak_similarity
268,st_thomas-point-cabrita-hill,Cabrita Hill,point,st_thomas,none,research_clean_name_no_candidate,true,Contant Hill,geographic_index,18.34442312704015,-64.95865161016525,weak_similarity
269,st_thomas-point-cabrita-point,Cabrita Point,point,st_thomas,none,research_clean_name_no_candidate,true,CARET BAY,geographic_index,18.36457293689035,-64.97608543520525,weak_similarity
272,st_thomas-estate-cabrite,Cabrite,estate,st_thomas,none,research_clean_name_no_candidate,true,CARET BAY,geographic_index,18.36457293689035,-64.97608543520525,weak_similarity
273,st_thomas-point-cabrite-point,Cabrite Point,point,st_thomas,none,research_clean_name_no_candidate,true,CARET BAY,geographic_index,18.36457293689035,-64.97608543520525,weak_similarity
274,st_thomas-point-cabriteberg-p-o-c-t,Cabriteberg P o C t,point,st_thomas,none,ocr_or_name_cleanup_first,true,CAREENING HOLE,geographic_index,18.33519459552995,-64.94227345605105,weak_similarity
276,st_john-point-cabrithorn-point,Cabrithorn Point,point,st_john,none,research_clean_name_no_candidate,true,Caneelborn,geographic_index,18.34305825172645,-64.7874874960091,weak_similarity
277,st_croix-point-cabrito,Cabrito,point,st_croix,none,research_clean_name_no_candidate,true,CARINA,geographic_index,17.736547414825,-64.6789987761033,weak_similarity
278,st_thomas-estate-cabrittaberg,Cabrittaberg,estate,st_thomas,none,research_clean_name_no_candidate,true,CATHERINEBERG,geographic_index,18.3450964261188,-64.93264931271824,weak_similarity
280,st_john-bay-caeey-point,Caeey Point,bay,st_john,none,research_clean_name_no_candidate,false,Caneel Bay,geographic_index,18.34305825172645,-64.7874874960091,weak_similarity
281,st_thomas-point-caetelpolnt,Caetelpolnt,point,st_thomas,none,research_clean_name_no_candidate,true,Caretbay Gut,geographic_index,18.36457293689035,-64.97608543520525,weak_similarity
282,st_john-point-cahritahorn-point,Cahritahorn Point,point,st_john,none,ocr_or_name_cleanup_first,true,Catherineberg,geographic_index,18.3474,-64.7479,weak_similarity
283,st_thomas-estate-cahrztaberg,CahrZtaberg,estate,st_thomas,none,ocr_or_name_cleanup_first,true,CATHERINEBERG,geographic_index,18.3450964261188,-64.93264931271824,weak_similarity
290,st_thomas-estate-caledonia-spring,Caledonia Spring,estate,st_thomas,none,research_clean_name_no_candidate,true,EASTERN WATER ISLAND / SPRAT BAY,geographic_index,18.32355944219015,-64.94466601043206,weak_similarity
296,st_john-bay-calvary-bay,Calvary Bay,bay,st_john,none,research_clean_name_no_candidate,false,CAVAL CAY,geographic_index,18.3696541915186,-64.79410767497025,weak_similarity
297,st_thomas-bay-calvert-point,Calvert Point,bay,st_thomas,none,research_clean_name_no_candidate,false,Caret Point,geographic_index,18.36457293689035,-64.97608543520525,weak_similarity
298,st_thomas-point-calverts-point,Calverts Point,point,st_thomas,none,research_clean_name_no_candidate,true,CARET BAY,geographic_index,18.36457293689035,-64.97608543520525,weak_similarity
301,st_thomas-bay-camp-bay,Camp Bay,bay,st_thomas,none,research_clean_name_no_candidate,false,Caret Point,geographic_index,18.36457293689035,-64.97608543520525,weak_similarity
302,st_croix-bay-camp-house-bay,Camp House Bay,bay,st_croix,none,research_clean_name_no_candidate,false,CANE,geographic_index,17.702682157254202,-64.84359059453385,weak_similarity
303,st_croix-estate-camporico,Camporico,estate,st_croix,none,research_clean_name_no_candidate,true,CARINA,geographic_index,17.736547414825,-64.6789987761033,weak_similarity
304,st_croix-estate-camporico-raltpond,Camporico Raltpond,estate,st_croix,review,ocr_or_name_cleanup_first,true,GREAT POND,geographic_index,17.72774285576095,-64.6486757604458,contains_clean_slug
332,st_thomas-estate-canegarden-hill,Canegarden Hill,estate,st_thomas,none,research_clean_name_no_candidate,true,Contant Hill,geographic_index,18.34442312704015,-64.95865161016525,weak_similarity
335,st_john-point-cap-de-cudejarre,Cap de Cudejarre,point,st_john,none,research_clean_name_no_candidate,true,Caneelborn,geographic_index,18.34305825172645,-64.7874874960091,weak_similarity
336,st_thomas-bay-capella-bay,Capella Bay,bay,st_thomas,none,research_clean_name_no_candidate,false,Caretbay,geographic_index,18.364573,-64.976085,weak_similarity
337,st_thomas-point-capella-cays,Capella Cays,point,st_thomas,none,research_clean_name_no_candidate,true,CAS CAY,geographic_index,18.30742565259155,-64.8657587591797,weak_similarity
338,st_thomas-point-caprzcorn-point,Caprzcorn Point,point,st_thomas,none,research_clean_name_no_candidate,true,Crown Bay,geographic_index,18.3516443841391,-64.97518249799175,weak_similarity
340,st_croix-estate-caramaw-hall,Caramaw Hall,estate,st_croix,none,research_clean_name_no_candidate,true,SPRATT HALL,geographic_index,17.74306767792325,-64.88348586636539,weak_similarity
344,st_croix-estate-carden,Carden,estate,st_croix,none,research_clean_name_no_candidate,true,Canegarden,geographic_index,17.707521,-64.727444,weak_similarity
345,st_croix-estate-carden-bay,Carden Bay,estate,st_croix,none,research_clean_name_no_candidate,true,Canegarden,geographic_index,17.707521,-64.727444,weak_similarity
348,st_john-point-careen-point,Careen Point,point,st_john,none,research_clean_name_no_candidate,true,Caneel Bay,geographic_index,18.34305825172645,-64.7874874960091,weak_similarity
360,st_thomas-estate-carlota-antalia,Carlota Antalia,estate,st_thomas,none,research_clean_name_no_candidate,true,Charlotte Amalie,geographic_index,18.3419,-64.9307,weak_similarity
362,st_john-estate-carlton-gut,Carlton Gut,estate,st_john,none,research_clean_name_no_candidate,true,Carolina-Lyst,geographic_index,18.34652014852835,-64.72762843003869,weak_similarity
363,st_thomas-bay-carol-point,Carol Point,bay,st_thomas,none,research_clean_name_no_candidate,false,Caret Point,geographic_index,18.36457293689035,-64.97608543520525,weak_similarity
369,water_island-point-caroline-point,Caroline Point,point,water_island,none,research_clean_name_no_candidate,true,Honeymoon Beach,geographic_index,18.3195,-64.9517,weak_similarity
373,st_thomas-bay-carrot-bay,Carrot Bay,bay,st_thomas,none,research_clean_name_no_candidate,false,Caret Point,geographic_index,18.36457293689035,-64.97608543520525,weak_similarity
374,st_croix-bay-carsmaw-bay,Carsmaw Bay,bay,st_croix,none,research_clean_name_no_candidate,false,CARINA,geographic_index,17.736547414825,-64.6789987761033,weak_similarity
375,st_thomas-estate-carton-dome,Carton Dome,estate,st_thomas,none,research_clean_name_no_candidate,true,CAREENING HOLE,geographic_index,18.33519459552995,-64.94227345605105,weak_similarity
381,st_thomas-bay-casper-bosch-bay,Casper Bosch Bay,bay,st_thomas,none,research_clean_name_no_candidate,false,Sapphire Beach,geographic_index,18.3348,-64.8493,weak_similarity
382,st_thomas-estate-cassava-garden,Cassava Garden,estate,st_thomas,none,research_clean_name_no_candidate,true,Emancipation Garden,geographic_index,18.3412,-64.9316,weak_similarity
384,st_thomas-point-cassi-hill,Cassi Hill,point,st_thomas,none,research_clean_name_no_candidate,true,Contant Hill,geographic_index,18.34442312704015,-64.95865161016525,weak_similarity
387,st_croix-estate-castle-burke-estate,Castle Burke Estate,estate,st_croix,none,research_clean_name_no_candidate,true,CASTLE COAKLEY,geographic_index,17.7235456156969,-64.7454573926021,weak_similarity
388,st_thomas-estate-castle-coakley,Castle Coakley,estate,st_thomas,none,research_clean_name_no_candidate,true,CAS CAY,geographic_index,18.30742565259155,-64.8657587591797,weak_similarity
394,st_thomas-estate-catarinaberg,Catarinaberg,estate,st_thomas,weak,review_candidate,true,CATHERINEBERG,geographic_index,18.3450964261188,-64.93264931271824,weak_similarity
395,st_thomas-hill-cateen-hill,Cateen Hill,hill,st_thomas,none,research_clean_name_no_candidate,false,Bethesda Hill,geographic_index,18.3559062831591,-65.00835365155365,weak_similarity
397,st_croix-estate-catharinas-hope,Catharina's Hope,estate,st_croix,review,review_candidate,true,HOPE,geographic_index,17.7092930829718,-64.75842071161856,contains_clean_slug
400,st_thomas-estate-catherines-hope,Catherine's Hope,estate,st_thomas,review,review_candidate,true,HOPE,geographic_index,18.3626612187422,-65.001633113491,contains_clean_slug
406,st_john-estate-cathriseberg,Cathriseberg,estate,st_john,weak,review_candidate,true,Catherineberg,geographic_index,18.3474,-64.7479,similarity_or_token_overlap
409,st_thomas-island-cay,Cay,island,st_thomas,none,generic_fragment_do_not_coordinate,false,Flat Cay,geographic_index,18.3176615035053,-64.9888146529801,weak_similarity
410,st_thomas-bay-cay-bay,Cay Bay,bay,st_thomas,none,research_clean_name_no_candidate,false,Bovoni Cay,geographic_index,18.31274648774975,-64.87229899313834,weak_similarity
414,st_thomas-point-cazverts-punt,CaZverts Punt,point,st_thomas,none,ocr_or_name_cleanup_first,true,Havensight Point,geographic_index,18.3297646929236,-64.92094811684731,weak_similarity
416,st_thomas-estate-ceeeman-hizz,Ceeeman HiZZ,estate,st_thomas,none,ocr_or_name_cleanup_first,true,CAREENING HOLE,geographic_index,18.33519459552995,-64.94227345605105,weak_similarity
417,st_croix-point-cehterline-road,Cehterline Road,point,st_croix,none,research_clean_name_no_candidate,true,CARINA,geographic_index,17.736547414825,-64.6789987761033,weak_similarity
424,st_croix-point-cfaudri,CfaUdri,point,st_croix,none,ocr_or_name_cleanup_first,true,Fort Frederik,geographic_index,17.7125,-64.8842,weak_similarity
425,st_croix-estate-cfoodchild,Cfoodchild,estate,st_croix,none,research_clean_name_no_candidate,true,Brook Hill,geographic_index,17.727694,-64.859333,weak_similarity
428,st_thomas-estate-cfroen-icny,Cfroen ICny,estate,st_thomas,none,research_clean_name_no_candidate,true,GREEN CAY,geographic_index,18.30961532150965,-64.9080402474628,weak_similarity
430,st_thomas-estate-chrlstianeted,Ch'rlstianeted',estate,st_thomas,none,research_clean_name_no_candidate,true,Fort Christian,geographic_index,18.3416,-64.9307,weak_similarity
436,st_thomas-school-charlotte-amalie-high-school,Charlotte Amalie High School,school,st_thomas,review,review_candidate,false,Charlotte Amalie,geographic_index,18.3419,-64.9307,contains_clean_slug
438,st_croix-estate-chenay-bay,Chenay Bay,estate,st_croix,none,research_clean_name_no_candidate,true,Canebay,geographic_index,17.702682157254202,-64.84359059453385,weak_similarity
439,st_thomas-point-chickenhawk-point,Chickenhawk Point,point,st_thomas,none,research_clean_name_no_candidate,true,CROWN & HAWK,geographic_index,18.3516443841391,-64.97518249799175,weak_similarity
448,st_john-bay-chrietiane-fort-og-bye,Chrietiane Fort og Bye,bay,st_john,none,research_clean_name_no_candidate,false,Chocolate Hole,geographic_index,18.318586,-64.784307,weak_similarity
450,st_thomas-historic-chrietiunsfort,Chrietiunsfort,historic,st_thomas,none,research_clean_name_no_candidate,true,Fort Christian,geographic_index,18.3416,-64.9307,weak_similarity
454,st_john-bay-christians-bay,Christians Bay,bay,st_john,none,research_clean_name_no_candidate,false,ADRIAN,geographic_index,18.342665470030198,-64.7667732947042,weak_similarity
460,st_thomas-historic-christinns-fort,Christinn's Fort,historic,st_thomas,weak,ocr_or_name_cleanup_first,true,Fort Christian,geographic_index,18.3416,-64.9307,weak_similarity
462,st_thomas-point-chshnel-rock,Chshnel Rock,point,st_thomas,none,ocr_or_name_cleanup_first,true,COCULUS ROCK,geographic_index,18.31372200975455,-64.8648698763188,weak_similarity
470,st_croix-point-circcs-point,Circcs Point,point,st_croix,none,research_clean_name_no_candidate,true,CARINA,geographic_index,17.736547414825,-64.6789987761033,weak_similarity
472,st_thomas-hill-clairmont-hill,Clairmont Hill,hill,st_thomas,none,research_clean_name_no_candidate,false,Elizabeth Hill,geographic_index,18.35136065410805,-64.93523180616941,weak_similarity
473,st_croix-estate-claremont,Claremont,estate,st_croix,weak,review_candidate,true,CLAIRMONT,geographic_index,17.773535739848,-64.7779237775738,weak_similarity
474,st_thomas-estate-clausen,Clausen,estate,st_thomas,none,research_clean_name_no_candidate,true,Haagensen House,geographic_index,18.3442,-64.9303,weak_similarity
475,st_croix-estate-clear-mount,Clear Mount,estate,st_croix,none,research_clean_name_no_candidate,true,CLAIRMONT,geographic_index,17.773535739848,-64.7779237775738,weak_similarity
476,st_croix-estate-clermont,Clermont,estate,st_croix,weak,review_candidate,true,CLAIRMONT,geographic_index,17.773535739848,-64.7779237775738,weak_similarity
480,st_croix-bay-clindinen-hill,Clindinen Hill,bay,st_croix,none,research_clean_name_no_candidate,false,CLIFTON HILL,geographic_index,17.72361301840465,-64.7752949334902,weak_similarity
488,st_thomas-island-cockroach-cay,Cockroach Cay,island,st_thomas,none,research_clean_name_no_candidate,false,Thatch Cay,geographic_index,18.3592767020762,-64.86191857744305,weak_similarity
489,st_croix-bay-cocogluln-bay,Cocogluln Bay,bay,st_croix,none,research_clean_name_no_candidate,false,COLQUOHOUN,geographic_index,17.74379739376225,-64.79774653182555,weak_similarity
490,st_thomas-bay-cocoloba-cay,Cocoloba Cay,bay,st_thomas,none,research_clean_name_no_candidate,false,Bovoni Cay,geographic_index,18.31274648774975,-64.87229899313834,weak_similarity
498,st_thomas-bay-cold-bay,Cold Bay,bay,st_thomas,none,research_clean_name_no_candidate,false,Coki Point,geographic_index,18.3499,-64.8676,weak_similarity
504,st_thomas-point-compass-point,Compass Point,point,st_thomas,none,research_clean_name_no_candidate,true,Coculus Bay,geographic_index,18.31372200975455,-64.8648698763188,weak_similarity
516,st_thomas-point-congo-cay,Congo Cay,point,st_thomas,none,research_clean_name_no_candidate,true,ROTTO CAY,geographic_index,18.315388964993453,-64.8677568207732,weak_similarity
518,st_thomas-point-congo-point,Congo Point,point,st_thomas,none,research_clean_name_no_candidate,true,BOLONGO,geographic_index,18.3175123332078,-64.89879745646965,weak_similarity
534,st_thomas-estate-contentment-hill,Contentment Hill,estate,st_thomas,none,research_clean_name_no_candidate,true,Contant Hill,geographic_index,18.34442312704015,-64.95865161016525,weak_similarity
536,st_thomas-point-cooks-point,Cook's Point,point,st_thomas,none,research_clean_name_no_candidate,true,Coki Point,geographic_index,18.3499,-64.8676,weak_similarity
540,st_john-dictionaryEntry-coral-bay,Coral Bay,dictionaryEntry,st_john,none,research_clean_name_no_candidate,false,CONTANT,geographic_index,18.3233686913533,-64.79179894512015,weak_similarity
546,st_thomas-estate-corn-hill,Corn Hill,estate,st_thomas,none,research_clean_name_no_candidate,true,Contant Hill,geographic_index,18.34442312704015,-64.95865161016525,weak_similarity
550,st_john-bay-corral-bay,Corral-Bay,bay,st_john,none,research_clean_name_no_candidate,false,CONTANT,geographic_index,18.3233686913533,-64.79179894512015,weak_similarity
551,st_croix-point-corteri,Corteri,point,st_croix,none,research_clean_name_no_candidate,true,Cooper,geographic_index,17.6951962167965,-64.8094797486572,weak_similarity
552,st_thomas-historic-cotcell-playstarcg,Cotcell Playstarcg,historic,st_thomas,none,research_clean_name_no_candidate,true,COCULUS ROCK,geographic_index,18.31372200975455,-64.8648698763188,weak_similarity
553,st_thomas-point-coterado-p-d-n-t,Coterado P d n t,point,st_thomas,none,ocr_or_name_cleanup_first,true,LOWER JOHN DUNKO,geographic_index,18.342796459548502,-64.9495968439204,weak_similarity
554,st_thomas-bay-cotfosvdl8y-bay,CotfosVdl8y Bay,bay,st_thomas,none,ocr_or_name_cleanup_first,false,ROTTO CAY,geographic_index,18.315388964993453,-64.8677568207732,weak_similarity
555,st_croix-estate-cotkongxove-bay,Cotkongxove Bay,estate,st_croix,weak,review_candidate,true,COTTON GROVE,geographic_index,17.7354068317233,-64.63955741808715,weak_similarity
557,st_thomas-hill-cottage-hill,Cottage Hill,hill,st_thomas,none,research_clean_name_no_candidate,false,Contant Hill,geographic_index,18.34442312704015,-64.95865161016525,weak_similarity
561,st_croix-estate-cottongarden,Cottongarden,estate,st_croix,none,research_clean_name_no_candidate,true,LONG POINT & COTTON GARDEN,geographic_index,17.756962341569448,-64.58113017501906,weak_similarity
562,st_thomas-bay-cottongarden-bay,Cottongarden Bay,bay,st_thomas,none,research_clean_name_no_candidate,false,Emancipation Garden,geographic_index,18.3412,-64.9316,weak_similarity
563,st_croix-estate-cottongarden-peninsula,Cottongarden Peninsula,estate,st_croix,none,research_clean_name_no_candidate,true,CONCORDIA (West),geographic_index,17.704578438994503,-64.8663103343153,weak_similarity
564,st_croix-estate-cottongarden-point,Cottongarden Point,estate,st_croix,none,research_clean_name_no_candidate,true,LONG POINT & COTTON GARDEN,geographic_index,17.756962341569448,-64.58113017501906,weak_similarity
566,st_croix-hill-cottongrove-hill,Cottongrove Hill,hill,st_croix,review,review_candidate,false,GROVE PLACE,geographic_index,17.730883867683502,-64.8230564385662,contains_clean_slug
569,st_thomas-bay-cow-point,COW Point,bay,st_thomas,none,ocr_or_name_cleanup_first,false,Crown Bay,geographic_index,18.3516443841391,-64.97518249799175,weak_similarity
570,st_thomas-point-cow-rock,Cow Rock,point,st_thomas,none,research_clean_name_no_candidate,true,COCULUS ROCK,geographic_index,18.31372200975455,-64.8648698763188,weak_similarity
571,st_thomas-point-cowell-battery,Cowell Battery,point,st_thomas,none,research_clean_name_no_candidate,true,West Cay,geographic_index,18.35872531090545,-65.0462665723619,weak_similarity
572,st_thomas-battery-cowell-battery,Cowell Battery,battery,st_thomas,none,research_clean_name_no_candidate,false,CATHERINEBERG,geographic_index,18.3450964261188,-64.93264931271824,weak_similarity
573,st_thomas-hill-cowell-hill,Cowell Hill,hill,st_thomas,none,research_clean_name_no_candidate,false,Bethesda Hill,geographic_index,18.3559062831591,-65.00835365155365,weak_similarity
574,st_thomas-point-cowell-point,Cowell Point,point,st_thomas,none,research_clean_name_no_candidate,true,Coculus Bay,geographic_index,18.31372200975455,-64.8648698763188,weak_similarity
575,st_thomas-bay-cowpet-bay,Cowpet Bay,bay,st_thomas,none,research_clean_name_no_candidate,false,Caret Point,geographic_index,18.36457293689035,-64.97608543520525,weak_similarity
577,st_thomas-point-crabhole-point,Crabhole Point,point,st_thomas,none,research_clean_name_no_candidate,true,RAPHUNE,geographic_index,18.33611739862115,-64.90749670274926,weak_similarity
583,st_croix-hill-crequis-gut,Crequis Gut,hill,st_croix,none,research_clean_name_no_candidate,false,Caledonia Gut,geographic_index,17.76172242200235,-64.86961726911215,weak_similarity
593,st_thomas-port-crown-bay-cruise-port,Crown Bay Cruise Port,port,st_thomas,review,review_candidate,false,Crown Bay,geographic_index,18.3516443841391,-64.97518249799175,contains_clean_slug
599,st_john-bay-crue-bay,Crue Bay,bay,st_john,none,research_clean_name_no_candidate,false,Trunk Bay,geographic_index,18.3527,-64.7694,weak_similarity
602,st_thomas-estate-crumbuy,Crumbuy,estate,st_thomas,none,research_clean_name_no_candidate,true,Caretbay,geographic_index,18.364573,-64.976085,weak_similarity
603,st_john-bay-cruz-bay,Cruz Bay,bay,st_john,none,research_clean_name_no_candidate,false,CRUZ BAY TOWN,geographic_index,18.33080615938465,-64.7961253218629,weak_similarity
607,st_thomas-bay-ctarden-bay,Ctarden Bay,bay,st_thomas,none,research_clean_name_no_candidate,false,Caret Point,geographic_index,18.36457293689035,-64.97608543520525,weak_similarity
608,st_thomas-point-cuarentena,Cuarentena,point,st_thomas,none,research_clean_name_no_candidate,true,CARET BAY,geographic_index,18.36457293689035,-64.97608543520525,weak_similarity
610,st_john-point-cudejarre-p-o-i-n-t,Cudejarre P o i n t,point,st_john,none,ocr_or_name_cleanup_first,true,CAROLINA,geographic_index,18.34652014852835,-64.72762843003869,weak_similarity
612,st_thomas-point-cup-d-u-cudeiare,Cup d u Cudeiare,point,st_thomas,none,research_clean_name_no_candidate,true,Bordeaux,historic_sites,18.360099,-65.017106,weak_similarity
613,st_thomas-bay-curets-bay,Curets Bay,bay,st_thomas,none,research_clean_name_no_candidate,false,Caret Point,geographic_index,18.36457293689035,-64.97608543520525,weak_similarity
614,st_croix-estate-curha-mmntaln,Curha Mmntaln,estate,st_croix,none,research_clean_name_no_candidate,true,CANAAN,geographic_index,17.760974916404052,-64.7997957341543,weak_similarity
615,st_thomas-point-current-hole,Current Hole,point,st_thomas,none,research_clean_name_no_candidate,true,CAREENING HOLE,geographic_index,18.33519459552995,-64.94227345605105,weak_similarity
617,st_thomas-point-currenthole-point,Currenthole Point,point,st_thomas,none,research_clean_name_no_candidate,true,CAREENING HOLE,geographic_index,18.33519459552995,-64.94227345605105,weak_similarity
621,st_thomas-bay-david-point,David Point,bay,st_thomas,none,research_clean_name_no_candidate,false,NADIR,geographic_index,18.32023334840565,-64.87644806190285,weak_similarity
622,st_thomas-estate-de-beftgem-road,De Beftgem Road,estate,st_thomas,none,research_clean_name_no_candidate,true,BELLEVUE,geographic_index,18.3265528432309,-64.9212594012035,weak_similarity
623,st_thomas-bay-de-uruulf-bay,De Uruulf Bay,bay,st_thomas,none,research_clean_name_no_candidate,false,DEMARARA,geographic_index,18.3389130819727,-64.94160955785715,weak_similarity
624,st_john-bay-debt-hill,Debt Hill,bay,st_john,none,research_clean_name_no_candidate,false,Ram Hill,geographic_index,18.304556,-64.701833,weak_similarity
625,st_thomas-point-deck-point,Deck Point,point,st_thomas,none,research_clean_name_no_candidate,true,BUCK ISLAND,geographic_index,18.27684110476125,-64.8922408046305,weak_similarity
629,st_thomas-estate-derrick-point,Derrick Point,estate,st_thomas,none,research_clean_name_no_candidate,true,DEMARARA,geographic_index,18.3389130819727,-64.94160955785715,weak_similarity
630,st_john-estate-description-op-stations,Description oP Stations,estate,st_john,none,research_clean_name_no_candidate,true,Bordeaux Mountains,geographic_index,18.3346047564803,-64.72275003509866,weak_similarity
631,st_john-point-detlcr-point,Detlcr Point,point,st_john,none,research_clean_name_no_candidate,true,PETER BAY,geographic_index,18.351925094693698,-64.76364726021771,weak_similarity
632,st_john-bay-devers-bay,Devers Bay,bay,st_john,none,research_clean_name_no_candidate,false,PETER BAY,geographic_index,18.351925094693698,-64.76364726021771,weak_similarity
635,st_thomas-estate-diainond-school,Diainond School,estate,st_thomas,none,research_clean_name_no_candidate,true,Arons Estate,geographic_index,18.35358,-64.96938,weak_similarity
636,st_thomas-estate-diamond,Diamond,estate,st_thomas,none,research_clean_name_no_candidate,true,Arons Estate,geographic_index,18.35358,-64.96938,weak_similarity
638,st_john-bay-diccrloo-bay,Diccrloo Bay,bay,st_john,none,research_clean_name_no_candidate,false,Cinnamon Bay,geographic_index,18.3566,-64.7582,weak_similarity
640,st_croix-estate-diedrichs,Diedrichs,estate,st_croix,none,research_clean_name_no_candidate,true,Little Princess,geographic_index,17.753763,-64.726016,weak_similarity
641,st_croix-estate-diedrichs-point,Diedrichs Point,estate,st_croix,none,research_clean_name_no_candidate,true,Little Princess,geographic_index,17.753763,-64.726016,weak_similarity
642,st_thomas-point-din-point,Din Point,point,st_thomas,none,research_clean_name_no_candidate,true,DONOE,geographic_index,18.3360307539689,-64.90137070522624,weak_similarity
645,st_thomas-point-ditlef-point,Ditlef Point,point,st_thomas,none,research_clean_name_no_candidate,true,DOROTHEA,geographic_index,18.36245597302735,-64.96542702087879,weak_similarity
647,st_john-point-dittloff-point,Dittloff Point,point,st_john,none,research_clean_name_no_candidate,true,Little Plantation,geographic_index,18.338279674410302,-64.7164700652325,weak_similarity
654,st_croix-estate-doill-iiizl,Doill/ IIiZl,estate,st_croix,none,ocr_or_name_cleanup_first,true,JOLLY HILL,geographic_index,17.73330383297955,-64.8604270031298,weak_similarity
655,st_croix-hill-dolby-hill,Dolby Hill,hill,st_croix,weak,review_candidate,false,Lowry Hill,geographic_index,17.738359631802048,-64.67317575378715,weak_similarity
656,st_john-estate-dolly-efl1,Dolly Efl1,estate,st_john,none,ocr_or_name_cleanup_first,true,BELLEVUE,geographic_index,18.33037923226835,-64.7691885039207,weak_similarity
657,st_thomas-point-domkirk-rock,Domkirk Rock,point,st_thomas,none,research_clean_name_no_candidate,true,COCULUS ROCK,geographic_index,18.31372200975455,-64.8648698763188,weak_similarity
667,st_john-bay-doubloon-hill,Doubloon Hill,bay,st_john,none,research_clean_name_no_candidate,false,Concordia Hill,geographic_index,18.30740743739495,-64.70375086625529,weak_similarity
671,st_thomas-bay-dreeket-bay,Dreeket Bay,bay,st_thomas,none,research_clean_name_no_candidate,false,Lerken Bay,geographic_index,18.35975098547915,-64.94000561367716,weak_similarity
674,water_island-bay-druif-bay,Druif Bay,bay,water_island,none,research_clean_name_no_candidate,false,,,,,
675,st_thomas-bay-drulf-point,Drulf Point,bay,st_thomas,none,research_clean_name_no_candidate,false,HULL,geographic_index,18.367754652070353,-64.95262479216476,weak_similarity
676,st_croix-point-dry-lcdqc,Dry Lcdqc,point,st_croix,none,ocr_or_name_cleanup_first,true,MARY'S FANCY,geographic_index,17.74612636309525,-64.7609306226064,weak_similarity
679,st_john-hill-dubloe-i-hill,Dubloe/i Hill,hill,st_john,none,research_clean_name_no_candidate,false,Caneel Hill,geographic_index,18.34305825172645,-64.7874874960091,weak_similarity
680,st_croix-estate-duchr,DuC'hr,estate,st_croix,none,research_clean_name_no_candidate,true,Buck Island Bar,geographic_index,17.786941147028898,-64.61931028889666,weak_similarity
683,st_john-estate-dunker,Dunker,estate,st_john,none,research_clean_name_no_candidate,true,TURNER POINT,geographic_index,18.3420162496453,-64.69090698795429,weak_similarity
684,st_john-bay-durlo-bay,Durlo Bay,bay,st_john,none,research_clean_name_no_candidate,false,TURNER POINT,geographic_index,18.3420162496453,-64.69090698795429,weak_similarity
685,st_john-bay-durloe-bay,Durloe Bay,bay,st_john,none,research_clean_name_no_candidate,false,Caroline,geographic_index,18.34652014852835,-64.72762843003869,weak_similarity
686,st_thomas-point-durloe-cays,Durloe Cays,point,st_thomas,none,research_clean_name_no_candidate,true,TURTLE DOVE CAY,geographic_index,18.3086275618696,-65.0003906549153,weak_similarity
687,st_john-point-durloe-channd,Durloe Channd,point,st_john,none,research_clean_name_no_candidate,true,BETHANY,geographic_index,18.32875985137175,-64.78395168634535,weak_similarity
688,st_john-bay-durloe-point,Durloe Point,bay,st_john,none,research_clean_name_no_candidate,false,Caroline,geographic_index,18.34652014852835,-64.72762843003869,weak_similarity
689,st_thomas-point-dutchcap-cay,Dutchcap Cay,point,st_thomas,none,research_clean_name_no_candidate,true,DUTCHMAN CAP,geographic_index,18.37996707126645,-65.0617794059329,weak_similarity
695,st_john-point-eostcnd-cape,E'ostcnd Cape,point,st_john,none,research_clean_name_no_candidate,true,Whistling Cay,geographic_index,18.3702779125285,-64.75705807719291,weak_similarity
697,st_thomas-point-erance-gerclonneerde-iierk,E'rance Gerclonneerde Iierk,point,st_thomas,none,research_clean_name_no_candidate,true,Emancipation Garden,geographic_index,18.3412,-64.9316,weak_similarity
701,st_thomas-bay-east-bay,East Bay,bay,st_thomas,none,research_clean_name_no_candidate,false,Caret Point,geographic_index,18.36457293689035,-64.97608543520525,weak_similarity
704,st_croix-point-east-point,East Point,point,st_croix,none,research_clean_name_no_candidate,true,PROSPERITY EAST,geographic_index,17.761465524614003,-64.82741751426175,weak_similarity
705,st_thomas-point-eastend,Eastend,point,st_thomas,none,research_clean_name_no_candidate,true,EASTERN WATER ISLAND / SPRAT BAY,geographic_index,18.32355944219015,-64.94466601043206,weak_similarity
707,st_croix-estate-eastend-b,Eastend B,estate,st_croix,none,research_clean_name_no_candidate,true,CASTLE NUGENT,geographic_index,17.719562371093147,-64.6797022059518,weak_similarity
708,st_john-bay-eastend-bay,Eastend Bay,bay,st_john,none,research_clean_name_no_candidate,false,PALESTINA,geographic_index,18.34836114006205,-64.70660335072776,weak_similarity
710,st_john-point-eastend-point,Eastend Point,point,st_john,none,research_clean_name_no_candidate,true,PALESTINA,geographic_index,18.34836114006205,-64.70660335072776,weak_similarity
718,st_thomas-estate-eemonzhed,Eemonzhed,estate,st_thomas,none,research_clean_name_no_candidate,true,Benner Bay,geographic_index,18.330419,-64.859625,weak_similarity
723,water_island-bay-elephant-bay,Elephant Bay,bay,water_island,none,research_clean_name_no_candidate,false,Honeymoon Beach,geographic_index,18.3195,-64.9517,weak_similarity
727,st_croix-point-elizabeth-bank,Elizabeth Bank,point,st_croix,none,research_clean_name_no_candidate,true,ELIZA'S RETREAT,geographic_index,17.73792006393145,-64.68704327902995,weak_similarity
729,st_john-bay-elk-bay,Elk Bay,bay,st_john,none,research_clean_name_no_candidate,false,BELLEVUE,geographic_index,18.33037923226835,-64.7691885039207,weak_similarity
734,st_thomas-bay-emtend-bay,Emtend Bay,bay,st_thomas,none,research_clean_name_no_candidate,false,LERKENLUND,geographic_index,18.35975098547915,-64.94000561367716,weak_similarity
736,st_thomas-estate-enaeld-green,EnAeld Green,estate,st_thomas,none,ocr_or_name_cleanup_first,true,Emancipation Garden,geographic_index,18.3412,-64.9316,weak_similarity
737,st_thomas-estate-enat-foirzt,Enat f'oirzt,estate,st_thomas,none,research_clean_name_no_candidate,true,ANNA'S RETREAT,geographic_index,18.34264445784635,-64.88706827427085,weak_similarity
738,st_croix-estate-endracht,Endracht,estate,st_croix,none,research_clean_name_no_candidate,true,HAFENSIGHT,geographic_index,17.74156939047285,-64.72750968016081,weak_similarity
744,st_john-point-eniqhed-point,Eniqhed Point,point,st_john,weak,review_candidate,true,ENIGHED,geographic_index,18.329311500712798,-64.79193196712666,similarity_or_token_overlap
745,st_thomas-estate-enke-george-pauls-widow,Enke (George Paul's widow),estate,st_thomas,none,research_clean_name_no_candidate,true,BONNE RESOLUTION,geographic_index,18.361258565753303,-64.95740720803701,weak_similarity
746,st_thomas-estate-ensoiiihed,Ensoiiihed,estate,st_thomas,none,research_clean_name_no_candidate,true,DOROTHEA,geographic_index,18.36245597302735,-64.96542702087879,weak_similarity
748,st_thomas-estate-ensomhed-bay,Ensomhed Bay,estate,st_thomas,none,research_clean_name_no_candidate,true,DOROTHEA,geographic_index,18.36245597302735,-64.96542702087879,weak_similarity
750,st_thomas-estate-envy,Envy,estate,st_thomas,none,generic_fragment_do_not_coordinate,true,Benner Bay,geographic_index,18.330419,-64.859625,weak_similarity
752,st_croix-point-eny,Eny,point,st_croix,none,generic_fragment_do_not_coordinate,true,ENVY,geographic_index,17.696948227205148,-64.80358819044139,weak_similarity
753,st_croix-estate-eobin-bay,Eobin Bay,estate,st_croix,none,research_clean_name_no_candidate,true,BODKIN,geographic_index,17.75023931514295,-64.8357929761099,weak_similarity
756,st_thomas-point-espubola,Espubola,point,st_thomas,none,research_clean_name_no_candidate,true,SABA ISLAND,geographic_index,18.305365213967647,-65.0001933420265,weak_similarity
757,st_croix-point-estany-doux,Estany Doux,point,st_croix,none,research_clean_name_no_candidate,true,PLESSEN (South),geographic_index,17.71875658316205,-64.82048366575034,weak_similarity
758,st_croix-estate-estate,Estate,estate,st_croix,none,generic_fragment_do_not_coordinate,true,A PIECE OF LAND EAST,geographic_index,17.755309796812,-64.5703082254501,
760,st_croix-estate-euetogtwiet,Euetogtwiet,estate,st_croix,none,research_clean_name_no_candidate,true,MOUNT STEWART,geographic_index,17.747914595970848,-64.84303041392059,weak_similarity
761,st_thomas-point-eupert-rock,Eupert Rock,point,st_thomas,none,research_clean_name_no_candidate,true,COCULUS ROCK,geographic_index,18.31372200975455,-64.8648698763188,weak_similarity
762,st_thomas-bay-europa-bay,Europa Bay,bay,st_thomas,none,research_clean_name_no_candidate,false,Dorothea Bay,geographic_index,18.36245597302735,-64.96542702087879,weak_similarity
764,st_thomas-bay-eva-bay,Eva Bay,bay,st_thomas,none,research_clean_name_no_candidate,false,Savana Island,geographic_index,18.3409417799056,-65.07956596206054,weak_similarity
765,st_thomas-point-eva-point,Eva Point,point,st_thomas,none,research_clean_name_no_candidate,true,Savana Island,geographic_index,18.3409417799056,-65.07956596206054,weak_similarity
766,st_croix-hill-evening-hill,Evening Hill,hill,st_croix,none,research_clean_name_no_candidate,false,Hermon Hill,geographic_index,17.73418300782975,-64.71072853406909,weak_similarity
769,st_croix-point-fairham,Fairham,point,st_croix,none,research_clean_name_no_candidate,true,FAREHAM,geographic_index,17.719078631969403,-64.6706772295901,weak_similarity
770,st_croix-estate-fairplain,Fairplain,estate,st_croix,none,research_clean_name_no_candidate,true,CARLTON,geographic_index,17.6968615238159,-64.84550134041919,weak_similarity
771,st_croix-bay-fairplain-bay,Fairplain Bay,bay,st_croix,none,research_clean_name_no_candidate,false,Fareham Bay,geographic_index,17.719078631969403,-64.6706772295901,weak_similarity
773,st_thomas-point-fairplain-point,Fairplain Point,point,st_thomas,none,research_clean_name_no_candidate,true,Ma FoLie,geographic_index,18.35057920990645,-64.9310796581254,weak_similarity
774,st_croix-estate-fancy-hill,Fancy Hill,estate,st_croix,none,research_clean_name_no_candidate,true,Annaly Hill,geographic_index,17.75136,-64.85515,weak_similarity
776,st_croix-estate-fannys-fancy,Fanny's Fancy,estate,st_croix,weak,ocr_or_name_cleanup_first,true,MARY'S FANCY,geographic_index,17.74612636309525,-64.7609306226064,weak_similarity
780,st_croix-estate-farnhnm,Farnhnm,estate,st_croix,none,research_clean_name_no_candidate,true,FAREHAM,geographic_index,17.719078631969403,-64.6706772295901,weak_similarity
781,st_croix-estate-farrington,Farrington,estate,st_croix,none,research_clean_name_no_candidate,true,CARLTON,geographic_index,17.6968615238159,-64.84550134041919,weak_similarity
782,st_thomas-point-ferrall-point,Ferrall Point,point,st_thomas,none,research_clean_name_no_candidate,true,PEARL,geographic_index,18.3580766730493,-64.9788318164592,weak_similarity
784,st_thomas-estate-fiigrlsk-klrke,Fiigrlsk Klrke,estate,st_thomas,none,research_clean_name_no_candidate,true,KINGS' QUARTER,geographic_index,18.341951771996698,-64.92744649382395,weak_similarity
785,st_john-dictionaryEntry-firewood-beach,Firewood Beach,dictionaryEntry,st_john,none,low_priority_non_map_record,false,Battery Beach,geographic_index,18.344308,-64.702969,weak_similarity
786,st_thomas-bay-fish-bay,Fish Bay,bay,st_thomas,none,research_clean_name_no_candidate,false,Smith Bay Road,geographic_index,18.335278251441,-64.86171891676014,weak_similarity
788,st_thomas-bay-fish-cay,Fish Cay,bay,st_thomas,none,research_clean_name_no_candidate,false,CAS CAY,geographic_index,18.30742565259155,-64.8657587591797,weak_similarity
789,st_thomas-point-fish-point,Fish Point,point,st_thomas,none,research_clean_name_no_candidate,true,NISKY,geographic_index,18.33151089875325,-64.9576625505323,weak_similarity
791,st_croix-bay-fishermens-point,Fishermen's Point,bay,st_croix,none,research_clean_name_no_candidate,false,Hermon Hill,geographic_index,17.73418300782975,-64.71072853406909,weak_similarity
793,st_thomas-point-flag-h-i-l-l,Flag H i l l,point,st_thomas,none,ocr_or_name_cleanup_first,true,Hull Bay,geographic_index,18.3709,-64.9547,weak_similarity
796,st_thomas-estate-flagstok-hill,Flagstok Hill,estate,st_thomas,none,research_clean_name_no_candidate,true,Elizabeth Hill,geographic_index,18.35136065410805,-64.93523180616941,weak_similarity
797,st_thomas-bay-flamingo-bay,Flamingo Bay,bay,st_thomas,none,research_clean_name_no_candidate,false,Bolongo Bay,geographic_index,18.3175123332078,-64.89879745646965,weak_similarity
798,water_island-bay-flamingo-hill,Flamingo Hill,bay,water_island,none,research_clean_name_no_candidate,false,Honeymoon Beach,geographic_index,18.3195,-64.9517,weak_similarity
799,water_island-point-flamingo-point,Flamingo Point,point,water_island,none,research_clean_name_no_candidate,true,Honeymoon Beach,geographic_index,18.3195,-64.9517,weak_similarity
800,st_thomas-estate-flamingo-pond,Flamingo Pond,estate,st_thomas,none,research_clean_name_no_candidate,true,LIVER POOL,geographic_index,18.32988349314345,-64.92381194208124,weak_similarity
801,water_island-point-flamingo-rock,Flamingo Rock,point,water_island,none,research_clean_name_no_candidate,true,Honeymoon Beach,geographic_index,18.3195,-64.9517,weak_similarity
802,st_thomas-estate-flamingopan-bay,Flamingopan Bay,estate,st_thomas,none,research_clean_name_no_candidate,true,LANGMATH,geographic_index,18.3330248707287,-64.87415279470736,weak_similarity
804,st_john-point-flanagan-island,Flanagan Island,point,st_john,weak,review_candidate,true,FLANNIGAN ISLAND,geographic_index,18.3263268562391,-64.6509904374269,weak_similarity
805,st_john-point-flanagan-pasw-ge,Flanagan Pasw ge,point,st_john,none,research_clean_name_no_candidate,true,FLANNIGAN ISLAND,geographic_index,18.3263268562391,-64.6509904374269,weak_similarity
808,st_thomas-point-flat-cays,Flat Cays,point,st_thomas,review,review_candidate,true,Flat Cay,geographic_index,18.3176615035053,-64.9888146529801,contains_clean_slug
810,st_thomas-point-fointe-dol-nordoueete,Fointe dol Nordoueete,point,st_thomas,none,research_clean_name_no_candidate,true,Little Bordeaux Bay,geographic_index,18.356590458506503,-65.01661868979055,weak_similarity
812,st_thomas-point-footer-point,Footer Point,point,st_thomas,none,research_clean_name_no_candidate,true,DOROTHEA,geographic_index,18.36245597302735,-64.96542702087879,weak_similarity
813,st_croix-historic-fort-1-iiytcuto,Fort -1 iiytcuto,historic,st_croix,none,ocr_or_name_cleanup_first,true,WHITES BAY (South),geographic_index,17.68953537761275,-64.88339692489569,weak_similarity
814,st_thomas-hill-fort-catharina,Fort Catharina,hill,st_thomas,none,research_clean_name_no_candidate,false,CATHERINEBERG,geographic_index,18.3450964261188,-64.93264931271824,weak_similarity
821,st_croix-historic-fort-lovi,Fort Lovi,historic,st_croix,none,research_clean_name_no_candidate,true,GROVE PLACE,geographic_index,17.730883867683502,-64.8230564385662,weak_similarity
822,st_thomas-historic-fort-nt,Fort Nt,historic,st_thomas,none,research_clean_name_no_candidate,true,Bluebeard’s Castle,geographic_index,18.3387,-64.9255,
823,st_thomas-bay-fort-point,Fort Point,bay,st_thomas,none,research_clean_name_no_candidate,false,Bolongo Bay,geographic_index,18.3175123332078,-64.89879745646965,
824,st_thomas-point-fort-saint-jean,Fort Saint Jean,point,st_thomas,none,research_clean_name_no_candidate,true,PEARL,geographic_index,18.3580766730493,-64.9788318164592,weak_similarity
825,st_thomas-point-fortberg,Fortberg,point,st_thomas,none,research_clean_name_no_candidate,true,SOLBERG,geographic_index,18.3502071369676,-64.94474322134475,weak_similarity
831,st_thomas-estate-forturrr,Forturrr,estate,st_thomas,none,research_clean_name_no_candidate,true,FORTUNA,geographic_index,18.34910707085145,-65.0142865514324,weak_similarity
833,st_croix-estate-fox,Fox,estate,st_croix,none,generic_fragment_do_not_coordinate,true,OXFORD,geographic_index,17.7422683253968,-64.86055976885295,weak_similarity
836,st_thomas-bay-francois-bay,Francois Bay,bay,st_thomas,none,research_clean_name_no_candidate,false,French Bay,geographic_index,18.31958030255245,-64.9084111427579,weak_similarity
837,st_thomas-bay-frank-bay,Frank Bay,bay,st_thomas,none,research_clean_name_no_candidate,false,French Bay,geographic_index,18.31958030255245,-64.9084111427579,weak_similarity
838,st_croix-bay-frazqoir-bay,Frazqoir Bay,bay,st_croix,none,research_clean_name_no_candidate,false,Fort Frederik,geographic_index,17.7125,-64.8842,weak_similarity
843,st_croix-estate-fredensborg,Fredensborg,estate,st_croix,none,research_clean_name_no_candidate,true,FRIEDENSTHAL,geographic_index,17.741878312717198,-64.70978262139894,weak_similarity
844,st_croix-hill-fredensborg-hill,Fredensborg Hill,hill,st_croix,none,research_clean_name_no_candidate,false,Caledonia Hill,geographic_index,17.76172242200235,-64.86961726911215,weak_similarity
846,st_croix-estate-fredensfeld,Fredensfeld,estate,st_croix,none,research_clean_name_no_candidate,true,FREDERIKSTED,geographic_index,17.7124548975535,-64.88349213990135,weak_similarity
852,st_croix-estate-fredericks-izaab,Fredericks IZaab,estate,st_croix,weak,ocr_or_name_cleanup_first,true,FREDERIKSHAAB,geographic_index,17.715309449649553,-64.86049092929986,weak_similarity
853,st_thomas-point-frederik-battery,Frederik Battery,point,st_thomas,none,research_clean_name_no_candidate,true,Frederick Lutheran Church,geographic_index,18.3417,-64.9318,weak_similarity
855,st_thomas-point-frederik-knoll,Frederik Knoll,point,st_thomas,none,research_clean_name_no_candidate,true,Frederick Lutheran Church,geographic_index,18.3417,-64.9318,weak_similarity
856,st_thomas-point-frederik-p-o-i-n-t,Frederik P o i n t,point,st_thomas,none,ocr_or_name_cleanup_first,true,Frederick Lutheran Church,geographic_index,18.3417,-64.9318,weak_similarity
857,st_thomas-historic-frederikalort,Frederikalort,historic,st_thomas,none,research_clean_name_no_candidate,true,Frederick Lutheran Church,geographic_index,18.3417,-64.9318,weak_similarity
858,st_thomas-point-frederiksberg-point,Frederiksberg Point,point,st_thomas,none,research_clean_name_no_candidate,true,Frederick Lutheran Church,geographic_index,18.3417,-64.9318,weak_similarity
859,st_thomas-estate-frederikshaab,Frederikshaab,estate,st_thomas,none,research_clean_name_no_candidate,true,Frederick Lutheran Church,geographic_index,18.3417,-64.9318,weak_similarity
863,st_thomas-point-frederiksted-road,Frederiksted Road,point,st_thomas,none,research_clean_name_no_candidate,true,Frederick Lutheran Church,geographic_index,18.3417,-64.9318,weak_similarity
864,st_thomas-historic-fredertksfort,Fredertksfort,historic,st_thomas,none,research_clean_name_no_candidate,false,Frederick Lutheran Church,geographic_index,18.3417,-64.9318,weak_similarity
868,st_john-bay-freeze-bay,Freeze Bay,bay,st_john,none,research_clean_name_no_candidate,false,FRIISE,geographic_index,18.3213357522002,-64.70057721079274,weak_similarity
870,st_thomas-bay-french-bay-or-frenchbay,French Bay or Frenchbay,bay,st_thomas,review,review_candidate,false,French Bay,geographic_index,18.31958030255245,-64.9084111427579,contains_clean_slug
872,st_thomas-bay-french-hill,French Hill,bay,st_thomas,review,ocr_or_name_cleanup_first,false,French Bay,geographic_index,18.31958030255245,-64.9084111427579,contains_clean_slug
873,st_croix-estate-french-point,French Point,estate,st_croix,none,research_clean_name_no_candidate,false,Greencay,geographic_index,17.7590180643778,-64.6571138576055,weak_similarity
874,st_thomas-estate-frenchbay,Frenchbay,estate,st_thomas,review,review_candidate,false,French Bay,geographic_index,18.31958030255245,-64.9084111427579,contains_clean_slug
877,st_thomas-point-fretti-clip-point,Fretti/ Clip Point,point,st_thomas,none,research_clean_name_no_candidate,false,ROTTO CAY,geographic_index,18.315388964993453,-64.8677568207732,weak_similarity
878,st_croix-historic-fricdrirk-ufot-t,Fricdrirk ufot t,historic,st_croix,none,research_clean_name_no_candidate,false,Frederiksted,geographic_index,17.7124548975535,-64.88349213990135,weak_similarity
881,st_thomas-estate-fron8kmandebayen,Fron8kmandeBayen,estate,st_thomas,none,ocr_or_name_cleanup_first,false,Botanybay,geographic_index,18.354012,-65.033474,weak_similarity
886,st_john-point-fungi-passage,Fungi Passage,point,st_john,none,research_clean_name_no_candidate,false,CONGO CAY,geographic_index,18.36793575942825,-64.8029093404089,weak_similarity
887,st_croix-estate-funnel-bfdge,Funnel BFdge,estate,st_croix,none,research_clean_name_no_candidate,false,TURNER HOLE,geographic_index,17.7395734788511,-64.60978178464879,weak_similarity
888,st_thomas-bay-funnel-point,Funnel Point,bay,st_thomas,none,research_clean_name_no_candidate,false,Benner Bay,geographic_index,18.330419,-64.859625,weak_similarity
889,st_thomas-point-funta-colorado-6-longue,Funta Colorado 6 Longue,point,st_thomas,none,ocr_or_name_cleanup_first,false,THOMAS - LONG BAY,geographic_index,18.3372628064215,-64.91976801040366,weak_similarity
891,st_thomas-point-gabriel-p-o-i-n-t,Gabriel P o i n t,point,st_thomas,none,ocr_or_name_cleanup_first,false,ADELPHI,geographic_index,18.3503525854884,-64.98204334502465,weak_similarity
892,st_john-bay-galge-bay,Galge Bay,bay,st_john,none,research_clean_name_no_candidate,false,Caroline,geographic_index,18.34652014852835,-64.72762843003869,weak_similarity
893,st_croix-bay-gallows-bay,Gallows Bay,bay,st_croix,none,research_clean_name_no_candidate,false,ALTONA,geographic_index,17.747965284366,-64.69015943989746,weak_similarity
896,st_thomas-estate-gasling,Gasling,estate,st_thomas,none,research_clean_name_no_candidate,false,THOMAS - LONG BAY,geographic_index,18.3372628064215,-64.91976801040366,weak_similarity
897,st_john-bay-gbwed-bay,Gbwed Bay,bay,st_john,none,research_clean_name_no_candidate,false,GRUNWALD,geographic_index,18.33410699808615,-64.77826179258105,weak_similarity
899,st_john-bay-genti-bay,Genti Bay,bay,st_john,none,research_clean_name_no_candidate,false,Leinster Bay,geographic_index,18.36092071796525,-64.71843131202445,weak_similarity
901,st_croix-estate-george-i-i-i-l-l,George I I i l l,estate,st_croix,none,ocr_or_name_cleanup_first,false,George Hill,geographic_index,17.717219913956598,-64.85465839096796,weak_similarity
904,st_john-hill-gift-hill,Gift Hill,hill,st_john,none,research_clean_name_no_candidate,false,Caneel Hill,geographic_index,18.34305825172645,-64.7874874960091,weak_similarity
905,st_thomas-estate-gift-hill-road,Gift Hill Road,estate,st_thomas,none,research_clean_name_no_candidate,false,Contant Hill,geographic_index,18.34442312704015,-64.95865161016525,weak_similarity
913,st_john-bay-gnlge-point,Gnlge Point,bay,st_john,none,research_clean_name_no_candidate,false,ENIGHED,geographic_index,18.329311500712798,-64.79193196712666,weak_similarity
914,st_croix-hill-goat-hill,Goat Hill,hill,st_croix,none,research_clean_name_no_candidate,false,Lowry Hill,geographic_index,17.738359631802048,-64.67317575378715,weak_similarity
924,st_thomas-estate-good-a-o-p-e,Good A o p e,estate,st_thomas,none,ocr_or_name_cleanup_first,false,Bordeaux Klyne Bay,geographic_index,18.356590458506503,-65.01661868979055,weak_similarity
925,st_thomas-estate-good-i-l-o-p-c,Good I l o p c,estate,st_thomas,none,ocr_or_name_cleanup_first,false,Honduras Hill or Gallows Hill,geographic_index,18.3364577625297,-64.94284931506209,weak_similarity
927,st_croix-bay-goodhope-bay,Goodhope Bay,bay,st_croix,review,review_candidate,false,HOPE,geographic_index,17.7092930829718,-64.75842071161856,contains_clean_slug
928,st_thomas-point-gorret-rock,Gorret Rock,point,st_thomas,none,research_clean_name_no_candidate,false,COCULUS ROCK,geographic_index,18.31372200975455,-64.8648698763188,weak_similarity
930,st_croix-bay-gosling-bay,Gosling Bay,bay,st_croix,none,research_clean_name_no_candidate,false,BLESSING,geographic_index,17.70959081594485,-64.7634544438253,weak_similarity
932,st_croix-hill-governor-hill,Governor Hill,hill,st_croix,none,research_clean_name_no_candidate,false,Hermon Hill,geographic_index,17.73418300782975,-64.71072853406909,weak_similarity
936,st_thomas-bay-grambokola-hill,Grambokola Hill,bay,st_thomas,none,research_clean_name_no_candidate,false,Donoe Hill,geographic_index,18.3360307539689,-64.90137070522624,weak_similarity
937,st_thomas-estate-granard,Granard,estate,st_thomas,none,research_clean_name_no_candidate,false,DEMARARA,geographic_index,18.3389130819727,-64.94160955785715,weak_similarity
939,st_croix-estate-grand-priwes8,Grand Priwes8,estate,st_croix,none,ocr_or_name_cleanup_first,false,LA GRANDE PRINCESSE,geographic_index,17.757271983688298,-64.73523993211084,weak_similarity
940,st_thomas-point-grande-de-hans-lollik,Grande de Hans-Lollik,point,st_thomas,none,research_clean_name_no_candidate,false,Little Hans-Lollik,geographic_index,18.409622883251153,-64.90668228034755,weak_similarity
941,st_thomas-estate-grange,Grange,estate,st_thomas,none,research_clean_name_no_candidate,false,Arons Estate,geographic_index,18.35358,-64.96938,weak_similarity
944,st_croix-estate-grange-gut,Grange Gut,estate,st_croix,weak,review_candidate,false,GRANGE (South),geographic_index,17.720406562603053,-64.69837792699475,weak_similarity
948,st_thomas-point-grasklip-point,Grasklip Point,point,st_thomas,none,research_clean_name_no_candidate,false,MAFOLIE,geographic_index,18.35057920990645,-64.9310796581254,weak_similarity
949,st_thomas-island-grass-cay,Grass Cay,island,st_thomas,none,research_clean_name_no_candidate,false,CAS CAY,geographic_index,18.30742565259155,-64.8657587591797,weak_similarity
950,st_thomas-cay-grass-cay,Grass Cay,cay,st_thomas,none,research_clean_name_no_candidate,false,CAS CAY,geographic_index,18.30742565259155,-64.8657587591797,weak_similarity
951,st_thomas-estate-grass-point,Grass Point,estate,st_thomas,none,research_clean_name_no_candidate,false,ROSS,geographic_index,18.344385751337548,-64.92106561631704,weak_similarity
952,st_thomas-bay-gravel-bay,Gravel Bay,bay,st_thomas,none,research_clean_name_no_candidate,false,Caret Point,geographic_index,18.36457293689035,-64.97608543520525,weak_similarity
953,st_thomas-point-grcen-c-a-g-point,Grcen C a g Point,point,st_thomas,none,ocr_or_name_cleanup_first,false,GREEN CAY,geographic_index,18.30961532150965,-64.9080402474628,weak_similarity
956,st_thomas-bay-great-bay,Great Bay,bay,st_thomas,none,research_clean_name_no_candidate,false,Bolongo Bay,geographic_index,18.3175123332078,-64.89879745646965,
958,st_john-estate-great-centerline,Great Centerline,estate,st_john,none,research_clean_name_no_candidate,false,Caroline,geographic_index,18.34652014852835,-64.72762843003869,weak_similarity
960,st_john-bay-great-cruz-bay,Great Cruz Bay,bay,st_john,none,research_clean_name_no_candidate,false,CRUZ BAY TOWN,geographic_index,18.33080615938465,-64.7961253218629,weak_similarity
961,st_croix-bay-great-gut,Great Gut,bay,st_croix,none,research_clean_name_no_candidate,false,Annaly Gut,geographic_index,17.758595,-64.852715,weak_similarity
962,st_thomas-bay-great-krum-bay,Great Krum Bay,bay,st_thomas,none,research_clean_name_no_candidate,false,KALKUM CAY,geographic_index,18.3504403569425,-65.05770189420505,weak_similarity
964,st_thomas-historic-great-middleground,Great Middleground,historic,st_thomas,none,research_clean_name_no_candidate,false,HOSPITAL GROUND,geographic_index,18.34747443082285,-64.92553210361164,weak_similarity
969,st_thomas-estate-great-princess,Great Princess,estate,st_thomas,none,research_clean_name_no_candidate,false,FRENCHMAN'S BAY,geographic_index,18.31958030255245,-64.9084111427579,weak_similarity
979,st_thomas-bay-gregerie-bay,Gregerie Bay,bay,st_thomas,none,research_clean_name_no_candidate,false,Brewers Bay,geographic_index,18.3444,-64.9782,weak_similarity
980,st_thomas-point-gregerie-harbor,Gregerie Harbor,point,st_thomas,none,research_clean_name_no_candidate,false,Secret Harbour,geographic_index,18.3186,-64.8525,weak_similarity
982,st_croix-point-greig-hill,Greig Hill,point,st_croix,none,research_clean_name_no_candidate,false,GRANGE HILL,geographic_index,17.73471697987775,-64.72495242395705,weak_similarity
984,st_thomas-bay-greut-rrum-bay,Greut Rrum Bay,bay,st_thomas,none,research_clean_name_no_candidate,false,GREEN CAY,geographic_index,18.30961532150965,-64.9080402474628,weak_similarity
988,st_john-estate-grootpan-bay,Grootpan Bay,estate,st_john,none,research_clean_name_no_candidate,false,Brown Bay Estate,geographic_index,18.3614381274039,-64.7058491657759,weak_similarity
989,st_thomas-point-ground-rock,Ground Rock,point,st_thomas,none,research_clean_name_no_candidate,false,COCULUS ROCK,geographic_index,18.31372200975455,-64.8648698763188,weak_similarity
990,st_thomas-point-grouper-point,Grouper Point,point,st_thomas,none,research_clean_name_no_candidate,false,HOPE,geographic_index,18.3626612187422,-65.001633113491,weak_similarity
991,st_croix-historic-grove,Grove,historic,st_croix,exact,review_candidate,false,GROVE PLACE,geographic_index,17.730883867683502,-64.8230564385662,contains_clean_slug
997,st_croix-estate-guillarvrtct,Guillarvrtct,estate,st_croix,none,research_clean_name_no_candidate,false,ANGUILLA,geographic_index,17.700321192376997,-64.77482221435531,weak_similarity
999,st_thomas-bay-gut,Gut,bay,st_thomas,none,generic_fragment_do_not_coordinate,false,Caretbay Gut,geographic_index,18.36457293689035,-64.97608543520525,weak_similarity
1000,st_croix-estate-gut-road,Gut Road,estate,st_croix,none,research_clean_name_no_candidate,false,Contentment Gut,geographic_index,17.7380551734812,-64.71023866116394,weak_similarity
1001,st_john-point-guurdhouse-point,Guurdhouse Point,point,st_john,none,research_clean_name_no_candidate,false,BEVERHOUDTSBERG,geographic_index,18.334883331417153,-64.76886598807245,weak_similarity
1003,st_croix-bay-hadion-point,Hadion Point,bay,st_croix,none,research_clean_name_no_candidate,false,CARLTON,geographic_index,17.6968615238159,-64.84550134041919,weak_similarity
1011,st_croix-estate-halfpenny-bay,Halfpenny Bay,estate,st_croix,none,research_clean_name_no_candidate,false,ALTONA,geographic_index,17.747965284366,-64.69015943989746,weak_similarity
1012,st_thomas-island-halkun-cay,Halkun Cay,island,st_thomas,weak,review_candidate,false,KALKUM CAY,geographic_index,18.3504403569425,-65.05770189420505,weak_similarity
1016,st_croix-estate-hambluff-valley,Hambluff Valley,estate,st_croix,none,research_clean_name_no_candidate,false,CANE VALLEY,geographic_index,17.71909500710795,-64.84903999375955,weak_similarity
1017,st_croix-estate-hamby,Hamby,estate,st_croix,none,research_clean_name_no_candidate,false,HAMS BAY,geographic_index,17.76452693219865,-64.87741529528941,weak_similarity
1024,st_thomas-bay-hanaon-bay,Hanaon Bay,bay,st_thomas,none,research_clean_name_no_candidate,false,Haagensen House,geographic_index,18.3442,-64.9303,weak_similarity
1035,st_thomas-dictionaryEntry-harbor,Harbor,dictionaryEntry,st_thomas,review,generic_fragment_do_not_coordinate,false,Charlotte Amalie Harbor Historic Maps,geographic_index,18.3419,-64.9307,contains_clean_slug
1038,st_croix-estate-hard-ln7-our,Hard Ln7)our,estate,st_croix,none,ocr_or_name_cleanup_first,false,HARD LABOR,geographic_index,17.74250585600845,-64.83197282458195,weak_similarity
1039,st_thomas-estate-hard-lubor,Hard Lubor,estate,st_thomas,none,research_clean_name_no_candidate,false,Secret Harbour,geographic_index,18.3186,-64.8525,weak_similarity
1040,st_thomas-estate-harden-gut,Harden Gut,estate,st_thomas,none,research_clean_name_no_candidate,false,Havenbight,geographic_index,18.3297646929236,-64.92094811684731,weak_similarity
1041,st_thomas-estate-hardlabor,Hardlabor,estate,st_thomas,none,research_clean_name_no_candidate,false,Charlotte Amalie,geographic_index,18.3419,-64.9307,weak_similarity
1042,st_thomas-hill-hardlabor-hill,Hardlabor Hill,hill,st_thomas,none,research_clean_name_no_candidate,false,Elizabeth Hill,geographic_index,18.35136065410805,-64.93523180616941,weak_similarity
1043,st_thomas-bay-hart-bay,Hart Bay,bay,st_thomas,none,research_clean_name_no_candidate,false,Caret Point,geographic_index,18.36457293689035,-64.97608543520525,weak_similarity
1051,st_croix-bay-hateau-bay,Hateau Bay,bay,st_croix,none,research_clean_name_no_candidate,false,HARTMAN,geographic_index,17.72625551725455,-64.66062192582025,weak_similarity
1055,st_thomas-bay-haulover-bay,Haulover Bay,bay,st_thomas,none,research_clean_name_no_candidate,false,HANSLOLLIK ISLAND,geographic_index,18.3966282110595,-64.9083506345075,weak_similarity
1056,st_croix-estate-haunt-wflshlngtbn,Haunt WfLshlngtbn,estate,st_croix,none,ocr_or_name_cleanup_first,false,UNION & MOUNT WASHINGTON,geographic_index,17.7367566591224,-64.65108975122155,weak_similarity
1061,st_thomas-bay-haypiece-hill,Haypiece Hill,bay,st_thomas,none,research_clean_name_no_candidate,false,Donoe Hill,geographic_index,18.3360307539689,-64.90137070522624,weak_similarity
1062,st_croix-estate-hclowamiinde,HClowamiinde,estate,st_croix,none,research_clean_name_no_candidate,false,Bulow'a-Minde,geographic_index,17.73924717655035,-64.72793560871304,weak_similarity
1066,st_thomas-bay-hendrik-bay,Hendrik Bay,bay,st_thomas,none,research_clean_name_no_candidate,false,HONDURAS,geographic_index,18.3364577625297,-64.94284931506209,weak_similarity
1067,st_thomas-island-henley-cay,Henley Cay,island,st_thomas,none,research_clean_name_no_candidate,false,Flat Cay,geographic_index,18.3176615035053,-64.9888146529801,weak_similarity
1074,st_croix-estate-hglgcnsborg,Hglgcnsborg,estate,st_croix,none,ocr_or_name_cleanup_first,false,Estate Hogansborg,historic_sites,17.7091,-64.8463,weak_similarity
1076,st_john-estate-hill,Hill,estate,st_john,none,generic_fragment_do_not_coordinate,false,Caneel Hill,geographic_index,18.34305825172645,-64.7874874960091,weak_similarity
1078,st_croix-estate-hndracht,Hndracht,estate,st_croix,none,ocr_or_name_cleanup_first,false,HAFENSIGHT,geographic_index,17.74156939047285,-64.72750968016081,weak_similarity
1079,st_thomas-estate-hnvensigt,Hnvensigt,estate,st_thomas,weak,ocr_or_name_cleanup_first,false,HAVENSIGHT,geographic_index,18.3297646929236,-64.92094811684731,weak_similarity
1080,st_thomas-estate-ho,Ho,estate,st_thomas,none,generic_fragment_do_not_coordinate,false,ADELPHI,geographic_index,18.3503525854884,-64.98204334502465,
1081,st_croix-estate-hodge,Hodge,estate,st_croix,none,research_clean_name_no_candidate,false,HOPE,geographic_index,17.7092930829718,-64.75842071161856,weak_similarity
1082,st_thomas-estate-hodge-plantation,Hodge plantation,estate,st_thomas,none,research_clean_name_no_candidate,false,HOPE,geographic_index,18.3626612187422,-65.001633113491,weak_similarity
1083,st_john-bay-hoe-hill,Hoe Hill,bay,st_john,none,research_clean_name_no_candidate,false,Ram Hill,geographic_index,18.304556,-64.701833,weak_similarity
1088,st_john-bay-hognest-bay,Hognest Bay,bay,st_john,none,research_clean_name_no_candidate,false,Hawksnest Bay,geographic_index,18.3541,-64.7792,weak_similarity
1089,st_john-bay-hognest-hill,Hognest Hill,bay,st_john,none,research_clean_name_no_candidate,false,Caneel Hill,geographic_index,18.34305825172645,-64.7874874960091,weak_similarity
1091,st_john-point-hognest-point,Hognest Point,point,st_john,none,research_clean_name_no_candidate,false,Hawksnest Bay,geographic_index,18.3541,-64.7792,weak_similarity
1094,st_thomas-estate-holenberg,Holenberg,estate,st_thomas,none,research_clean_name_no_candidate,false,SOLBERG,geographic_index,18.3502071369676,-64.94474322134475,weak_similarity
1101,st_thomas-point-honsler,Honsler,point,st_thomas,none,research_clean_name_no_candidate,false,Benner Bay,geographic_index,18.330419,-64.859625,weak_similarity
1102,st_croix-estate-hontufn,Hontufn,estate,st_croix,none,research_clean_name_no_candidate,false,FOUNTAIN,geographic_index,17.75211989177615,-64.8266436496026,weak_similarity
1109,st_thomas-estate-hope-point,Hope Point,estate,st_thomas,exact,review_candidate,false,HOPE,geographic_index,18.3626612187422,-65.001633113491,exact_clean_slug
1111,st_thomas-bay-horna-bay,Horn'a Bay,bay,st_thomas,none,research_clean_name_no_candidate,false,Fortuna Bay,geographic_index,18.34910707085145,-65.0142865514324,weak_similarity
1113,st_croix-estate-hornjag-star,Hornjag star,estate,st_croix,weak,review_candidate,false,MORNING STAR,geographic_index,17.76267907047465,-64.76127587077406,weak_similarity
1117,st_thomas-bay-howell-point,Howell Point,bay,st_thomas,none,research_clean_name_no_candidate,false,HOPE,geographic_index,18.3626612187422,-65.001633113491,weak_similarity
1118,st_croix-estate-hpgens-borg,Hpgens Borg,estate,st_croix,none,ocr_or_name_cleanup_first,false,HOGENSBERG,geographic_index,17.71167459321845,-64.84332390797235,weak_similarity
1119,st_thomas-estate-hughes,Hughes,estate,st_thomas,none,research_clean_name_no_candidate,false,BETHESDA,geographic_index,18.3559062831591,-65.00835365155365,weak_similarity
1120,st_thomas-bay-hughes-point,Hughes Point,bay,st_thomas,none,research_clean_name_no_candidate,false,BETHESDA,geographic_index,18.3559062831591,-65.00835365155365,weak_similarity
1124,st_thomas-estate-humbug,Humbug,estate,st_thomas,none,research_clean_name_no_candidate,false,HULL,geographic_index,18.367754652070353,-64.95262479216476,weak_similarity
1131,st_thomas-point-iyntbatteriet,I'yntbatteriet,point,st_thomas,none,research_clean_name_no_candidate,false,Contant Hill,geographic_index,18.34442312704015,-64.95865161016525,weak_similarity
1135,st_croix-bay-icoco-bay,Icoco Bay,bay,st_croix,none,research_clean_name_no_candidate,false,NICHOLAS,geographic_index,17.7538763734073,-64.87378540868094,weak_similarity
1136,st_croix-estate-icovazrev,ICovaZrev,estate,st_croix,none,ocr_or_name_cleanup_first,false,COAKLEY BAY,geographic_index,17.75255735316205,-64.642238675789,weak_similarity
1138,st_thomas-point-ieaalc-de-klert-point,Ieaalc de Klert Point,point,st_thomas,none,research_clean_name_no_candidate,false,ANNA'S RETREAT,geographic_index,18.34264445784635,-64.88706827427085,weak_similarity
1139,st_croix-estate-ieouht-welome,IEouht Welome,estate,st_croix,none,research_clean_name_no_candidate,false,MOUNT WELCOME,geographic_index,17.73905288296575,-64.6921601952163,weak_similarity
1141,st_thomas-bay-iieiligcr-plantation,Iieiligcr plantation,bay,st_thomas,none,research_clean_name_no_candidate,false,Havenbight,geographic_index,18.3297646929236,-64.92094811684731,weak_similarity
1143,st_thomas-estate-iiimcib,Iiimcib,estate,st_thomas,none,research_clean_name_no_candidate,false,PATRICIA CAY,geographic_index,18.3061163569349,-64.87250593307215,weak_similarity
1147,st_thomas-estate-ilnctcndn-dol-icetzro-de-ana,Ilnctcndn dol ICetzro de Ana,estate,st_thomas,none,research_clean_name_no_candidate,false,ANNA'S RETREAT,geographic_index,18.34264445784635,-64.88706827427085,weak_similarity
1151,st_thomas-estate-ilozrrll,Ilozrrll,estate,st_thomas,none,research_clean_name_no_candidate,false,Bolongo Hill,geographic_index,18.3175123332078,-64.89879745646965,weak_similarity
1152,st_croix-point-in-queen-quarter,In Queen Quarter,point,st_croix,none,research_clean_name_no_candidate,false,LONG POINT & COTTON GARDEN,geographic_index,17.756962341569448,-64.58113017501906,weak_similarity
1157,st_thomas-estate-ioannis-beucrout-punt,Ioannis Beucrout Punt,estate,st_thomas,none,research_clean_name_no_candidate,false,ANNA'S RETREAT,geographic_index,18.34264445784635,-64.88706827427085,weak_similarity
1158,st_croix-estate-iohrlx-rest,IohrLx Rest,estate,st_croix,none,ocr_or_name_cleanup_first,false,WORK & REST,geographic_index,17.721303820101852,-64.72422807010045,weak_similarity
1159,st_thomas-estate-irvin,Irvin,estate,st_thomas,none,research_clean_name_no_candidate,false,Crown Bay,geographic_index,18.3516443841391,-64.97518249799175,weak_similarity
1160,st_thomas-estate-irwins-plantuge,Irwin's Plantuge,estate,st_thomas,none,research_clean_name_no_candidate,false,KINGS' QUARTER,geographic_index,18.341951771996698,-64.92744649382395,weak_similarity
1161,st_thomas-bay-isaac-bay,Isaac Bay,bay,st_thomas,none,research_clean_name_no_candidate,false,SABA ISLAND,geographic_index,18.305365213967647,-65.0001933420265,weak_similarity
1169,st_thomas-estate-islea,Islea,estate,st_thomas,none,research_clean_name_no_candidate,false,SABA ISLAND,geographic_index,18.305365213967647,-65.0001933420265,weak_similarity
1171,st_thomas-school-ivanna-eudora-kean-high-school,Ivanna Eudora Kean High School,school,st_thomas,none,research_clean_name_no_candidate,false,ANNA'S FANCY,geographic_index,18.34260748795655,-64.9413616106873,weak_similarity
1172,st_john-estate-iwdrichrrdnl,IWdrichrrdnl,estate,st_john,none,ocr_or_name_cleanup_first,false,ADRIAN,geographic_index,18.342665470030198,-64.7667732947042,weak_similarity
1174,st_croix-bay-jack-bay,Jack Bay,bay,st_croix,weak,review_candidate,false,JACKS BAY,geographic_index,17.7491914308546,-64.58396905449375,weak_similarity
1175,st_croix-bay-jack-bay-point,Jack Bay Point,bay,st_croix,weak,review_candidate,false,JACKS BAY,geographic_index,17.7491914308546,-64.58396905449375,weak_similarity
1179,st_john-bay-jacob-bay,Jacob Bay,bay,st_john,none,research_clean_name_no_candidate,false,Maho Bay,geographic_index,18.3588,-64.7432,weak_similarity
1184,st_croix-estate-jacobs-berg,Jacobs Berg,estate,st_croix,none,research_clean_name_no_candidate,false,"Annaberg, St. Croix",geographic_index,17.702388244987148,-64.77330058691145,weak_similarity
1188,st_thomas-bay-jambi-bay,Jambi Bay,bay,st_thomas,none,research_clean_name_no_candidate,false,Saint James Bay,geographic_index,18.3105321364764,-64.8291316641308,weak_similarity
1190,st_thomas-bay-jan-kramewa-bay,Jan Kramewa Bay,bay,st_thomas,none,research_clean_name_no_candidate,false,JOHN BREWER'S,geographic_index,18.3453824903421,-64.97656230533175,weak_similarity
1191,st_thomas-point-janeen-point,Janeen Point,point,st_thomas,none,research_clean_name_no_candidate,false,Great Saint James,geographic_index,18.3105321364764,-64.8291316641308,weak_similarity
1193,st_thomas-estate-jansen,Jansen,estate,st_thomas,none,research_clean_name_no_candidate,false,Haagensen House,geographic_index,18.3442,-64.9303,weak_similarity
1194,st_croix-point-jaoobins,Jaoobins,point,st_croix,none,research_clean_name_no_candidate,false,Atkins,geographic_index,17.75192,-64.75264,weak_similarity
1195,st_thomas-point-jasper-cove,Jasper Cove,point,st_thomas,none,research_clean_name_no_candidate,false,EASTERN WATER ISLAND / SPRAT BAY,geographic_index,18.32355944219015,-64.94466601043206,weak_similarity
1196,st_thomas-point-jasper-jasperses-punt,Jasper Jasperses Punt,point,st_thomas,none,research_clean_name_no_candidate,false,EASTERN WATER ISLAND / SPRAT BAY,geographic_index,18.32355944219015,-64.94466601043206,weak_similarity
1197,st_thomas-point-jasper-point,Jasper Point,point,st_thomas,none,research_clean_name_no_candidate,false,Great Saint James,geographic_index,18.3105321364764,-64.8291316641308,weak_similarity
1198,st_croix-estate-jealousy,Jealousy,estate,st_croix,none,research_clean_name_no_candidate,false,JACKS BAY,geographic_index,17.7491914308546,-64.58396905449375,weak_similarity
1199,st_croix-estate-jealousy-gut,Jealousy Gut,estate,st_croix,none,research_clean_name_no_candidate,false,Annaly Gut,geographic_index,17.758595,-64.852715,weak_similarity
1200,st_thomas-bay-jersey-bay,Jersey Bay,bay,st_thomas,none,research_clean_name_no_candidate,false,Lerken Bay,geographic_index,18.35975098547915,-64.94000561367716,weak_similarity
1201,st_john-estate-jerusalem,Jerusalem,estate,st_john,none,research_clean_name_no_candidate,false,GRUNWALD,geographic_index,18.33410699808615,-64.77826179258105,weak_similarity
1204,st_thomas-point-jfadonibjrryet,Jfadonibjrryet,point,st_thomas,none,research_clean_name_no_candidate,false,Bovoni Cay,geographic_index,18.31274648774975,-64.87229899313834,weak_similarity
1207,st_john-hill-johiison-reef,Johiison Reef,hill,st_john,review,review_candidate,false,REEF BAY,geographic_index,18.3241492592502,-64.7379062541914,contains_clean_slug
1210,st_thomas-estate-john-dunn,John Dunn,estate,st_thomas,none,research_clean_name_no_candidate,false,LOWER JOHN DUNKO,geographic_index,18.342796459548502,-64.9495968439204,weak_similarity
1211,st_thomas-estate-john-ifrawcrx-nail,John Ifrawcr'x nail,estate,st_thomas,none,research_clean_name_no_candidate,false,JOHN BREWER'S,geographic_index,18.3453824903421,-64.97656230533175,weak_similarity
1212,st_john-point-john-ncedleo-point,John Ncedle'o Point,point,st_john,none,research_clean_name_no_candidate,false,JOHNS FOLLY,geographic_index,18.3193581313445,-64.70304523695961,weak_similarity
1213,st_thomas-estate-john-oley,John Oley,estate,st_thomas,none,research_clean_name_no_candidate,false,JOHN BREWER'S,geographic_index,18.3453824903421,-64.97656230533175,weak_similarity
1216,st_john-point-johnoon-loirct,Johnoon l'oirct,point,st_john,none,research_clean_name_no_candidate,false,JOHNS FOLLY,geographic_index,18.3193581313445,-64.70304523695961,weak_similarity
1219,st_john-bay-johnson-bay,Johnson Bay,bay,st_john,none,research_clean_name_no_candidate,false,Johns Folly Bay,geographic_index,18.3193581313445,-64.70304523695961,weak_similarity
1220,st_john-bay-johnson-reef,Johnson Reef,bay,st_john,review,review_candidate,false,REEF BAY,geographic_index,18.3241492592502,-64.7379062541914,contains_clean_slug
1221,st_john-point-johnxowe-point,Johnxow'e Point,point,st_john,none,research_clean_name_no_candidate,false,JOHNS FOLLY,geographic_index,18.3193581313445,-64.70304523695961,weak_similarity
1222,st_john-bay-joknuons-bay,Joknuons Bay,bay,st_john,none,research_clean_name_no_candidate,false,CONTANT,geographic_index,18.3233686913533,-64.79179894512015,weak_similarity
1223,st_thomas-estate-jolly-hill,Jolly Hill,estate,st_thomas,none,research_clean_name_no_candidate,false,Donoe Hill,geographic_index,18.3360307539689,-64.90137070522624,weak_similarity
1226,st_thomas-estate-jorgen-haneen-bdgller,Jorgen Haneen-bdgller),estate,st_thomas,none,research_clean_name_no_candidate,false,SORGENFRI EASTERN PORTION,geographic_index,18.367491600136248,-64.98491852585181,weak_similarity
1231,st_croix-estate-judys-fancy,Judy's Fancy,estate,st_croix,weak,ocr_or_name_cleanup_first,false,Estate Judith's Fancy,historic_sites,17.776914,-64.747497,weak_similarity
1242,st_john-estate-kalabasboom,Kalabasboom,estate,st_john,weak,review_candidate,false,CALABASH BOOM,geographic_index,18.329639602750348,-64.7086034920477,weak_similarity
1243,st_thomas-bay-kalk8teen-bay,Kalk8teen Bay,bay,st_thomas,none,ocr_or_name_cleanup_first,false,KALKUM CAY,geographic_index,18.3504403569425,-65.05770189420505,weak_similarity
1244,st_thomas-bay-kalkstens-bay,Kalkstens Bay,bay,st_thomas,none,research_clean_name_no_candidate,false,Magens Bay,geographic_index,18.3637,-64.9304,weak_similarity
1249,st_thomas-point-karstens,Karstens,point,st_thomas,none,research_clean_name_no_candidate,false,99 Steps,geographic_index,18.3439,-64.9306,weak_similarity
1250,st_thomas-point-kastel-point,Kastel Point,point,st_thomas,none,research_clean_name_no_candidate,false,Hassel Island,geographic_index,18.3358,-64.9393,weak_similarity
1251,st_thomas-point-kastel-reef,Kastel Reef,point,st_thomas,none,research_clean_name_no_candidate,false,EASTERN WATER ISLAND / SPRAT BAY,geographic_index,18.32355944219015,-64.94466601043206,weak_similarity
1254,st_thomas-bay-kef-bay,Kef/ Bay,bay,st_thomas,none,research_clean_name_no_candidate,false,Lerken Bay,geographic_index,18.35975098547915,-64.94000561367716,weak_similarity
1255,st_thomas-estate-kenken-hill,Kenken Hill,estate,st_thomas,none,research_clean_name_no_candidate,false,Benner Hill,geographic_index,18.330419,-64.859625,weak_similarity
1257,st_thomas-bay-keturah-point,Keturah Point,bay,st_thomas,none,research_clean_name_no_candidate,false,St. PETER,geographic_index,18.3636778385126,-64.94634233178459,weak_similarity
1259,st_croix-hill-kid-hill,Kid Hill,hill,st_croix,none,research_clean_name_no_candidate,false,Lowry Hill,geographic_index,17.738359631802048,-64.67317575378715,weak_similarity
1260,st_thomas-bay-kiddle-bay,Kiddle Bay,bay,st_thomas,none,research_clean_name_no_candidate,false,Lindbergh Bay,geographic_index,18.3354,-64.9659,weak_similarity
1261,st_john-bay-kiddle-point,Kiddle Point,bay,st_john,none,research_clean_name_no_candidate,false,Little Plantation,geographic_index,18.338279674410302,-64.7164700652325,weak_similarity
1265,st_croix-bay-king-bay,King Bay,bay,st_croix,none,research_clean_name_no_candidate,false,Atkins,geographic_index,17.75192,-64.75264,weak_similarity
1269,st_thomas-historic-kings-wharf,King's Wharf,historic,st_thomas,none,ocr_or_name_cleanup_first,false,KINGS' QUARTER,geographic_index,18.341951771996698,-64.92744649382395,weak_similarity
1276,st_croix-hill-kirkegaard-hill,Kirkegaard Hill,hill,st_croix,none,research_clean_name_no_candidate,false,Caledonia Hill,geographic_index,17.76172242200235,-64.86961726911215,weak_similarity
1279,st_john-point-kjjqrstaarn,KjjQrstaarn,point,st_john,none,ocr_or_name_cleanup_first,false,Mary Point Estate,historic_sites,18.368333,-64.741389,weak_similarity
1281,st_john-bay-klein-bay,Klein Bay,bay,st_john,review,review_candidate,false,Klein Cinnamon Road,geographic_index,18.353326015201148,-64.75360517385684,contains_clean_slug
1282,st_john-estate-klein-cancel-nay,Klein Cancel Nay,estate,st_john,none,research_clean_name_no_candidate,false,Klein Cinnamon Road,geographic_index,18.353326015201148,-64.75360517385684,weak_similarity
1287,st_john-point-klein-reef,Klein Reef,point,st_john,review,review_candidate,false,REEF BAY,geographic_index,18.3241492592502,-64.7379062541914,contains_clean_slug
1290,st_thomas-point-klert-point,Klert Point,point,st_thomas,none,research_clean_name_no_candidate,false,BAKKERO,geographic_index,18.32437770527245,-64.91758954396096,weak_similarity
1296,st_croix-estate-knight,Knight,estate,st_croix,none,research_clean_name_no_candidate,false,SIGHT,geographic_index,17.73987143959825,-64.6613933440346,weak_similarity
1297,st_croix-bay-knight-bay,Knight Bay,bay,st_croix,none,research_clean_name_no_candidate,false,SIGHT,geographic_index,17.73987143959825,-64.6613933440346,weak_similarity
1304,st_thomas-estate-kolzgmzs-land,Kolzgmzs Land,estate,st_thomas,none,ocr_or_name_cleanup_first,false,KALKUM CAY,geographic_index,18.3504403569425,-65.05770189420505,weak_similarity
1307,st_thomas-estate-konigberg,Konigberg,estate,st_thomas,none,research_clean_name_no_candidate,false,SOLBERG,geographic_index,18.3502071369676,-64.94474322134475,weak_similarity
1308,st_thomas-bay-konink-point,Konink Point,bay,st_thomas,none,research_clean_name_no_candidate,false,Contant,geographic_index,18.34442312704015,-64.95865161016525,weak_similarity
1312,st_thomas-point-krabbepan-point,Krabbepan Point,point,st_thomas,none,research_clean_name_no_candidate,false,PERSEVERANCE,geographic_index,18.3536211183031,-64.9991791172871,weak_similarity
1314,st_croix-estate-krause-lagoon,Krause Lagoon,estate,st_croix,none,research_clean_name_no_candidate,false,CANE GARDEN,geographic_index,17.7075211279452,-64.72744417315695,weak_similarity
1315,st_thomas-estate-krause-peninsula,Krause Peninsula,estate,st_thomas,none,research_clean_name_no_candidate,false,HASSEL ISLAND / ORKANSHULLET,geographic_index,18.329239586132402,-64.93473549862091,weak_similarity
1316,st_croix-point-krause-point,Krause Point,point,st_croix,none,research_clean_name_no_candidate,false,PARADISE,geographic_index,17.70445940301865,-64.81587187905009,weak_similarity
1317,st_thomas-estate-krfcgh,Krfcgh,estate,st_thomas,none,research_clean_name_no_candidate,false,French Bay,geographic_index,18.31958030255245,-64.9084111427579,weak_similarity
1319,st_croix-estate-kriimbny,Kriimbny,estate,st_croix,none,research_clean_name_no_candidate,false,DIAMOND,geographic_index,17.73047622999105,-64.75251969049944,weak_similarity
1320,st_thomas-historic-krlntiamfort,Krlntiamfort,historic,st_thomas,none,research_clean_name_no_candidate,false,Contant,geographic_index,18.34442312704015,-64.95865161016525,weak_similarity
1323,st_thomas-historic-kru2-thuya,Kru2/thuya,historic,st_thomas,none,ocr_or_name_cleanup_first,false,DOROTHEA,geographic_index,18.36245597302735,-64.96542702087879,weak_similarity
1324,st_croix-bay-krum-bay-road,Krum Bay Road,bay,st_croix,none,research_clean_name_no_candidate,false,Fareham Bay,geographic_index,17.719078631969403,-64.6706772295901,weak_similarity
1329,st_thomas-point-ktikezu,KtikeZu,point,st_thomas,none,ocr_or_name_cleanup_first,false,LERKENLUND,geographic_index,18.35975098547915,-64.94000561367716,weak_similarity
1330,st_thomas-point-kugleit,Kugleit,point,st_thomas,none,research_clean_name_no_candidate,false,NULLYBERG,geographic_index,18.326305680630853,-64.89736067271285,weak_similarity
1334,st_thomas-point-kusfeel,Kusfeel,point,st_thomas,none,research_clean_name_no_candidate,false,Hassel Island,geographic_index,18.3358,-64.9393,weak_similarity
1340,st_croix-estate-leecallub,L'EecalluB,estate,st_croix,none,research_clean_name_no_candidate,false,LA PRESVALLEE,geographic_index,17.72900204100975,-64.6825293509468,weak_similarity
1341,st_croix-estate-lesperance,L'Esperance,estate,st_croix,none,research_clean_name_no_candidate,false,LA GRANGE,geographic_index,17.71823717741445,-64.87445690853116,weak_similarity
1343,st_john-estate-la-aiuezwr,La Aiuezwr,estate,st_john,none,research_clean_name_no_candidate,false,Catherineberg,geographic_index,18.3474,-64.7479,weak_similarity
1344,st_croix-estate-la-fileur,La fi'leur,estate,st_croix,none,research_clean_name_no_candidate,false,LA VALLEE,geographic_index,17.77190581223105,-64.79952848959576,weak_similarity
1345,st_croix-estate-la-gratidc-privrexse,La G'ratidc Privrexse,estate,st_croix,none,research_clean_name_no_candidate,false,LA GRANDE PRINCESSE,geographic_index,17.757271983688298,-64.73523993211084,weak_similarity
1351,st_croix-estate-la-princesse,La Princesse,estate,st_croix,none,research_clean_name_no_candidate,false,LITTLE PRINCESSE,geographic_index,17.752520194277402,-64.72602995975815,weak_similarity
1352,st_thomas-estate-la-ratea-del-sudoeste,La RatEa del Sudoeste,estate,st_thomas,none,ocr_or_name_cleanup_first,false,ALTONA & WELGUNST,geographic_index,18.3412699576036,-64.94410778172886,weak_similarity
1356,st_thomas-estate-la-verdure,La Verdure,estate,st_thomas,none,research_clean_name_no_candidate,false,LOVENLUND,geographic_index,18.3602620470275,-64.9080186236434,weak_similarity
1357,st_thomas-hill-laggard-hill,Laggard Hill,hill,st_thomas,none,research_clean_name_no_candidate,false,Bethesda Hill,geographic_index,18.3559062831591,-65.00835365155365,weak_similarity
1358,st_croix-historic-lagoon-b-a-n-k,Lagoon B a n k,historic,st_croix,none,ocr_or_name_cleanup_first,false,LA GRANGE,geographic_index,17.71823717741445,-64.87445690853116,weak_similarity
1360,st_john-bay-lagoon-point,Lagoon Point,bay,st_john,none,research_clean_name_no_candidate,false,Lovango Cny,geographic_index,18.3619271023656,-64.8056650408506,weak_similarity
1362,st_croix-estate-lagrange-garden,Lagrange Garden,estate,st_croix,review,review_candidate,false,Lagrange,geographic_index,17.71823717741445,-64.87445690853116,contains_clean_slug
1365,st_croix-estate-laliners-grab,Laliners Grab,estate,st_croix,none,research_clean_name_no_candidate,false,HOLGER'S HOPE,geographic_index,17.740052955492303,-64.69269330504125,weak_similarity
1366,st_croix-point-lamb-point,Lamb Point,point,st_croix,none,research_clean_name_no_candidate,false,HAMS BAY,geographic_index,17.76452693219865,-64.87741529528941,weak_similarity
1367,st_croix-bay-lamb6-bay,Lamb6 Bay,bay,st_croix,none,ocr_or_name_cleanup_first,false,HAMS BAY,geographic_index,17.76452693219865,-64.87741529528941,weak_similarity
1374,st_thomas-bay-lammert-bay,Lammert Bay,bay,st_thomas,none,research_clean_name_no_candidate,false,Caret Point,geographic_index,18.36457293689035,-64.97608543520525,weak_similarity
1375,st_thomas-bay-lammerts-bay,Lammerts-Bay,bay,st_thomas,none,research_clean_name_no_candidate,false,Saint James Bay,geographic_index,18.3105321364764,-64.8291316641308,weak_similarity
1377,st_croix-point-lang-bank,Lang Bank,point,st_croix,none,research_clean_name_no_candidate,false,CANAAN,geographic_index,17.760974916404052,-64.7997957341543,weak_similarity
1382,st_croix-estate-laprey-valley,Laprey Valley,estate,st_croix,none,research_clean_name_no_candidate,false,CANE VALLEY,geographic_index,17.71909500710795,-64.84903999375955,weak_similarity
1386,st_thomas-estate-lavallee-bay,Lavallee Bay,estate,st_thomas,none,research_clean_name_no_candidate,false,Bolongo Valley,geographic_index,18.3175123332078,-64.89879745646965,weak_similarity
1387,st_thomas-point-lawmert-point,Lawmert Point,point,st_thomas,none,research_clean_name_no_candidate,false,BAKKERO,geographic_index,18.32437770527245,-64.91758954396096,weak_similarity
1388,st_thomas-point-lazaretto,Lazaretto,point,st_thomas,none,research_clean_name_no_candidate,false,NAZARETH,geographic_index,18.32057236303325,-64.8471117829859,weak_similarity
1391,st_john-point-ldeven-point,Ldeven Point,point,st_john,none,research_clean_name_no_candidate,false,EDEN,geographic_index,18.349263313340252,-64.70857040997706,weak_similarity
1396,st_croix-gut-lebrnon-gut,LebRnon Gut,gut,st_croix,none,ocr_or_name_cleanup_first,false,Caledonia Gut,geographic_index,17.76172242200235,-64.86961726911215,weak_similarity
1397,st_john-bay-leduck-cay,Leduck Cay,bay,st_john,none,research_clean_name_no_candidate,false,Trunk Cay,geographic_index,18.3550296711977,-64.7686847888134,weak_similarity
1398,st_thomas-point-lee-point,Lee Point,point,st_thomas,none,research_clean_name_no_candidate,false,Lerken Bay,geographic_index,18.35975098547915,-64.94000561367716,weak_similarity
1408,st_thomas-estate-leper-asylum,Leper Asylum,estate,st_thomas,none,research_clean_name_no_candidate,false,LIVER POOL,geographic_index,18.32988349314345,-64.92381194208124,weak_similarity
1411,st_croix-point-lerkenlund-hill,Lerkenlund Hill,point,st_croix,none,research_clean_name_no_candidate,false,LEBANON HILL,geographic_index,17.757008643445,-64.783903138109,weak_similarity
1413,st_thomas-estate-lerklzind-plantation,Lerklzind plantation,estate,st_thomas,none,research_clean_name_no_candidate,false,LERKENLUND,geographic_index,18.35975098547915,-64.94000561367716,weak_similarity
1414,st_croix-bay-lestan-bay,Lestan Bay,bay,st_croix,none,research_clean_name_no_candidate,false,BLESSING,geographic_index,17.70959081594485,-64.7634544438253,weak_similarity
1415,st_croix-estate-letazone,LetaZone,estate,st_croix,none,ocr_or_name_cleanup_first,false,LEBANON HILL,geographic_index,17.757008643445,-64.783903138109,weak_similarity
1417,st_croix-estate-libanon,Libanon,estate,st_croix,none,research_clean_name_no_candidate,false,LEBANON HILL,geographic_index,17.757008643445,-64.783903138109,weak_similarity
1418,st_thomas-estate-liecnbicnd,Liecnbicnd,estate,st_thomas,none,research_clean_name_no_candidate,false,LOVENLUND,geographic_index,18.3602620470275,-64.9080186236434,weak_similarity
1419,st_john-bay-liever-marches-bay,Liever Marches Bay,bay,st_john,none,research_clean_name_no_candidate,false,L'ESPERANCE,geographic_index,18.33833907156755,-64.75926500225845,weak_similarity
1420,st_thomas-estate-liliendal-col,Liliendal Col,estate,st_thomas,none,research_clean_name_no_candidate,false,LILLIENDAL & MARIENHOJ,geographic_index,18.354843145626802,-64.95255478074375,weak_similarity
1421,st_thomas-bay-liliendal-gut,Liliendal Gut,bay,st_thomas,none,research_clean_name_no_candidate,false,LILLIENDAL & MARIENHOJ,geographic_index,18.354843145626802,-64.95255478074375,weak_similarity
1422,st_thomas-estate-lilienschild,Lilienschild,estate,st_thomas,none,research_clean_name_no_candidate,false,Elizabeth Hill,geographic_index,18.35136065410805,-64.93523180616941,weak_similarity
1426,st_thomas-bay-lille-dfalto-bay,Lille dfalto Bay,bay,st_thomas,none,research_clean_name_no_candidate,false,LITTLE ST JAMES ISLAND,geographic_index,18.3002094728063,-64.8252077853455,weak_similarity
1431,st_thomas-estate-lille-norge,Lille-Norge,estate,st_thomas,none,research_clean_name_no_candidate,false,Little Bordeaux Bay,geographic_index,18.356590458506503,-65.01661868979055,weak_similarity
1434,st_croix-bay-lime-tree-bay,Lime Tree Bay,bay,st_croix,none,research_clean_name_no_candidate,false,Little Green Cay,geographic_index,17.7590180643778,-64.6571138576055,weak_similarity
1436,water_island-bay-limestone-bay,Limestone Bay,bay,water_island,none,research_clean_name_no_candidate,false,Honeymoon Beach,geographic_index,18.3195,-64.9517,weak_similarity
1437,st_john-estate-limestone-rock,Limestone Rock,estate,st_john,none,research_clean_name_no_candidate,false,L'ESPERANCE,geographic_index,18.33833907156755,-64.75926500225845,weak_similarity
1438,st_croix-bay-limetre-bay,Limetre Bay,bay,st_croix,none,research_clean_name_no_candidate,false,ELIZA'S RETREAT,geographic_index,17.73792006393145,-64.68704327902995,weak_similarity
1439,st_thomas-estate-limetree,Limetree,estate,st_thomas,none,research_clean_name_no_candidate,false,Lerken Bay,geographic_index,18.35975098547915,-64.94000561367716,weak_similarity
1440,st_croix-estate-limetree-bay,Limetree Bay,estate,st_croix,none,research_clean_name_no_candidate,false,ELIZA'S RETREAT,geographic_index,17.73792006393145,-64.68704327902995,weak_similarity
1444,st_john-bay-lind-point,Lind Point,bay,st_john,none,research_clean_name_no_candidate,false,MILAND,geographic_index,18.35490515668765,-64.7461843645371,weak_similarity
1449,st_thomas-estate-lisenluna,Lisenluna,estate,st_thomas,none,research_clean_name_no_candidate,false,LOVENLUND,geographic_index,18.3602620470275,-64.9080186236434,weak_similarity
1453,st_thomas-bay-little-coculua-bay,Little Coculua Bay,bay,st_thomas,none,research_clean_name_no_candidate,false,Little Bordeaux Bay,geographic_index,18.356590458506503,-65.01661868979055,weak_similarity
1455,st_thomas-bay-little-cruz-bay,Little Cruz Bay,bay,st_thomas,none,research_clean_name_no_candidate,false,Little Bordeaux Bay,geographic_index,18.356590458506503,-65.01661868979055,weak_similarity
1465,st_thomas-bay-little-isaac-bay,Little Isaac Bay,bay,st_thomas,none,research_clean_name_no_candidate,false,LITTLE FLAT CAY,geographic_index,18.3176615035053,-64.9888146529801,weak_similarity
1467,st_thomas-estate-little-lagrange,Little Lagrange,estate,st_thomas,none,research_clean_name_no_candidate,false,LITTLE FLAT CAY,geographic_index,18.3176615035053,-64.9888146529801,weak_similarity
1468,st_john-bay-little-lameshur-bay,Little Lameshur Bay,bay,st_john,review,review_candidate,false,Great Lameshur Bay,geographic_index,18.3215083872189,-64.72235457397085,contains_clean_slug
1472,st_thomas-estate-little-n-o-r-g-e,Little N o r g e,estate,st_thomas,none,ocr_or_name_cleanup_first,false,LITTLE FLAT CAY,geographic_index,18.3176615035053,-64.9888146529801,weak_similarity
1474,st_thomas-point-little-northside,Little Northside,point,st_thomas,none,research_clean_name_no_candidate,false,Little Bordeaux Bay,geographic_index,18.356590458506503,-65.01661868979055,weak_similarity
1482,st_thomas-bay-little-rrum-bay,Little Rrum Bay,bay,st_thomas,none,research_clean_name_no_candidate,false,Little Bordeaux Bay,geographic_index,18.356590458506503,-65.01661868979055,weak_similarity
1489,st_thomas-bay-littlebay-point,Littlebay Point,bay,st_thomas,none,research_clean_name_no_candidate,false,LITTLE ST JAMES ISLAND,geographic_index,18.3002094728063,-64.8252077853455,weak_similarity
1491,st_thomas-gut-living-gut,Living Gut,gut,st_thomas,none,research_clean_name_no_candidate,false,Dog-Island Cut,geographic_index,18.2961806253714,-64.8159807710881,weak_similarity
1493,st_thomas-point-lizard-rock,Lizard Rock,point,st_thomas,none,research_clean_name_no_candidate,false,LIVER POOL,geographic_index,18.32988349314345,-64.92381194208124,weak_similarity
1494,st_john-bay-lizze-kalzel-bay,LiZZe Kalzel Bay,bay,st_john,none,ocr_or_name_cleanup_first,false,L'ESPERANCE,geographic_index,18.33833907156755,-64.75926500225845,weak_similarity
1499,st_thomas-hill-lollik-hill,Lollik Hill,hill,st_thomas,none,research_clean_name_no_candidate,false,Elizabeth Hill,geographic_index,18.35136065410805,-64.93523180616941,weak_similarity
1501,st_thomas-bay-long-bay,Long Bay,bay,st_thomas,none,research_clean_name_no_candidate,false,Bolongo Bay,geographic_index,18.3175123332078,-64.89879745646965,weak_similarity
1502,st_john-point-long-p-o-h-t,Long P o h t,point,st_john,none,ocr_or_name_cleanup_first,false,CONGO CAY,geographic_index,18.36793575942825,-64.8029093404089,weak_similarity
1504,st_croix-bay-long-point-bay,Long Point Bay,bay,st_croix,none,research_clean_name_no_candidate,false,Great Pond Bay,geographic_index,17.72774285576095,-64.6486757604458,weak_similarity
1505,st_croix-dictionaryEntry-long-reef,Long Reef,dictionaryEntry,st_croix,none,research_clean_name_no_candidate,false,Cooper Bay,geographic_index,17.6951962167965,-64.8094797486572,weak_similarity
1507,st_thomas-estate-longmat,Longmat,estate,st_thomas,weak,review_candidate,false,LANGMATH,geographic_index,18.3330248707287,-64.87415279470736,weak_similarity
1510,st_thomas-estate-lorenz,Lorenz,estate,st_thomas,none,research_clean_name_no_candidate,false,Lerken Bay,geographic_index,18.35975098547915,-64.94000561367716,weak_similarity
1522,st_croix-estate-love-g-u-t,Love G u t,estate,st_croix,none,ocr_or_name_cleanup_first,false,STONEY GROUND (East),geographic_index,17.6939307604063,-64.8785502958437,weak_similarity
1527,st_thomas-estate-lowelund,Lowelund,estate,st_thomas,weak,review_candidate,false,LOVENLUND,geographic_index,18.3602620470275,-64.9080186236434,weak_similarity
1533,st_thomas-point-lucas-point,Lucas Point,point,st_thomas,none,research_clean_name_no_candidate,false,BUCK ISLAND,geographic_index,18.27684110476125,-64.8922408046305,weak_similarity
1534,st_thomas-point-lumrnert8-punt,Lumrnert8 punt,point,st_thomas,none,ocr_or_name_cleanup_first,false,LERKENLUND,geographic_index,18.35975098547915,-64.94000561367716,weak_similarity
1535,st_croix-point-lung-point,Lung Point,point,st_croix,none,research_clean_name_no_candidate,false,GLYNN,geographic_index,17.75073674602215,-64.7751250403044,weak_similarity
1538,st_croix-point-lungpoint,Lungpoint,point,st_croix,none,research_clean_name_no_candidate,false,LONGFORD,geographic_index,17.7159688633824,-64.6914549952351,weak_similarity
1539,st_thomas-hill-lurhrtlin-hill,Lurhrtli'N Hill,hill,st_thomas,none,research_clean_name_no_candidate,false,Bethesda Hill,geographic_index,18.3559062831591,-65.00835365155365,weak_similarity
1540,st_thomas-estate-lutheran-church,Lutheran church,estate,st_thomas,review,review_candidate,false,Frederick Lutheran Church,geographic_index,18.3417,-64.9318,contains_clean_slug
1550,st_thomas-estate-magen,Magen,estate,st_thomas,review,review_candidate,false,Magens Bay,geographic_index,18.3626,-64.9307,contains_clean_slug
1554,st_john-estate-maho-ball,Maho Ball,estate,st_john,review,review_candidate,false,Maho,geographic_index,18.3588,-64.7432,contains_clean_slug
1561,st_thomas-estate-mahogany-road,Mahogany Road,estate,st_thomas,none,research_clean_name_no_candidate,false,BOTANY BAY,geographic_index,18.35401195896805,-65.03347371262775,weak_similarity
1565,st_thomas-bay-mail-bay,Mail Bay,bay,st_thomas,none,research_clean_name_no_candidate,false,MARIENDAL,geographic_index,18.3287034601041,-64.87492977521575,weak_similarity
1567,st_thomas-estate-malleville,Malleville,estate,st_thomas,none,research_clean_name_no_candidate,false,BELLEVUE,geographic_index,18.3265528432309,-64.9212594012035,weak_similarity
1573,st_thomas-estate-mandal,Mandal,estate,st_thomas,weak,review_candidate,false,MANDAHL,geographic_index,18.3560692464838,-64.89543387653845,similarity_or_token_overlap
1574,st_thomas-bay-mandal-bay,Mandal Bay,bay,st_thomas,weak,review_candidate,false,MANDAHL,geographic_index,18.3560692464838,-64.89543387653845,similarity_or_token_overlap
1575,st_thomas-bay-mandal-point,Mandal Point,bay,st_thomas,weak,review_candidate,false,MANDAHL,geographic_index,18.3560692464838,-64.89543387653845,similarity_or_token_overlap
1578,st_john-bay-manila1-bay,Manila1 Bay,bay,st_john,none,ocr_or_name_cleanup_first,false,FLANNIGAN ISLAND,geographic_index,18.3263268562391,-64.6509904374269,weak_similarity
1582,st_thomas-point-mardenboro-point,Mardenboro Point,point,st_thomas,none,research_clean_name_no_candidate,false,Charlotte Amalie,geographic_index,18.3419,-64.9307,weak_similarity
1583,st_john-estate-margaret-hill,Margaret Hill,estate,st_john,none,research_clean_name_no_candidate,false,Caneel Hill,geographic_index,18.34305825172645,-64.7874874960091,weak_similarity
1584,st_john-point-maria-cliff,Maria Cliff,point,st_john,none,research_clean_name_no_candidate,false,Carolina-Lyst,geographic_index,18.34652014852835,-64.72762843003869,weak_similarity
1585,st_thomas-hill-maria-hill,Maria Hill,hill,st_thomas,none,research_clean_name_no_candidate,false,Bethesda Hill,geographic_index,18.3559062831591,-65.00835365155365,weak_similarity
1597,st_thomas-estate-mars-hill,Mars Hill,estate,st_thomas,none,research_clean_name_no_candidate,false,Venus Hill,historic_sites,18.353333,-64.929444,weak_similarity
1599,st_croix-bay-martel-bay,Martel Bay,bay,st_croix,none,research_clean_name_no_candidate,false,Carty Bay,geographic_index,17.739492713680953,-64.61703701918981,weak_similarity
1601,st_thomas-point-mary-ridge,Mary Ridge,point,st_thomas,none,research_clean_name_no_candidate,false,Ma FoLie,geographic_index,18.35057920990645,-64.9310796581254,weak_similarity
1604,st_john-bay-marys-point-buy,Mary's Point Buy,bay,st_john,review,review_candidate,false,Mary-Point Estate,geographic_index,18.368333,-64.741389,contains_clean_slug
1605,st_croix-estate-mbunk-stawatt-gut,Mbunk Stawatt Gut,estate,st_croix,none,research_clean_name_no_candidate,false,MOUNT STEWART,geographic_index,17.747914595970848,-64.84303041392059,weak_similarity
1608,st_thomas-bay-meggir-hill,Meggir Hill,bay,st_thomas,none,research_clean_name_no_candidate,false,Benner Hill,geographic_index,18.330419,-64.859625,weak_similarity
1609,st_thomas-bay-mennebeck-bay,Mennebeck Bay,bay,st_thomas,none,research_clean_name_no_candidate,false,Benner Bay,geographic_index,18.330419,-64.859625,weak_similarity
1611,st_thomas-island-merea-key,Merea Key,island,st_thomas,none,research_clean_name_no_candidate,false,Lerken Bay,geographic_index,18.35975098547915,-64.94000561367716,weak_similarity
1612,st_thomas-estate-merle-run,Merle Run,estate,st_thomas,none,research_clean_name_no_candidate,false,LERKENLUND,geographic_index,18.35975098547915,-64.94000561367716,weak_similarity
1614,st_john-bay-meyer-bay,Meyer Bay,bay,st_john,none,research_clean_name_no_candidate,false,PETER BAY,geographic_index,18.351925094693698,-64.76364726021771,weak_similarity
1616,st_thomas-estate-midland,Midland,estate,st_thomas,none,research_clean_name_no_candidate,false,MISGUNST,geographic_index,18.35687840900315,-64.9333822333455,weak_similarity
1618,st_thomas-point-midway-rock,Midway Rock,point,st_thomas,none,research_clean_name_no_candidate,false,COCULUS ROCK,geographic_index,18.31372200975455,-64.8648698763188,weak_similarity
1621,st_john-estate-miller,Miller,estate,st_john,none,research_clean_name_no_candidate,false,MILAND,geographic_index,18.35490515668765,-64.7461843645371,weak_similarity
1624,st_thomas-point-mingo-point,Mingo Point,point,st_thomas,none,research_clean_name_no_candidate,false,BOLONGO,geographic_index,18.3175123332078,-64.89879745646965,weak_similarity
1625,st_john-point-mingo-rock,Mingo Rock,point,st_john,none,research_clean_name_no_candidate,false,MINGO CAY,geographic_index,18.359631223485252,-64.82018790394136,weak_similarity
1626,st_thomas-estate-mint,Mint,estate,st_thomas,none,generic_fragment_do_not_coordinate,false,MISGUNST,geographic_index,18.35687840900315,-64.9333822333455,weak_similarity
1630,st_john-estate-mnhu-bav,Mnhu Bav,estate,st_john,none,research_clean_name_no_candidate,false,MINGO CAY,geographic_index,18.359631223485252,-64.82018790394136,weak_similarity
1632,st_thomas-bay-moachbete-bay,Moachbete Bay,bay,st_thomas,none,research_clean_name_no_candidate,false,Brewers Bay,geographic_index,18.3444,-64.9782,weak_similarity
1633,st_croix-estate-moalpellier,Moalpellier,estate,st_croix,weak,ocr_or_name_cleanup_first,false,MONTPELLIER,geographic_index,17.76469662632465,-64.7564546972505,weak_similarity
1634,st_thomas-estate-moatpellier-mountain,Moatpellier Mountain,estate,st_thomas,none,research_clean_name_no_candidate,false,BONNE RESOLUTION,geographic_index,18.361258565753303,-64.95740720803701,weak_similarity
1635,st_thomas-bay-moekite-bay,Moekite Bay,bay,st_thomas,none,research_clean_name_no_candidate,false,Coki Point,geographic_index,18.3499,-64.8676,weak_similarity
1643,st_thomas-estate-montenac,Montenac,estate,st_thomas,none,research_clean_name_no_candidate,false,Contant,geographic_index,18.34442312704015,-64.95865161016525,weak_similarity
1644,st_thomas-estate-montpellier,Montpellier,estate,st_thomas,none,research_clean_name_no_candidate,false,HANSLOLLIK ISLAND,geographic_index,18.3966282110595,-64.9083506345075,weak_similarity
1648,st_thomas-point-montslvan-hill,Montslvan Hill,point,st_thomas,none,research_clean_name_no_candidate,false,Contant Hill,geographic_index,18.34442312704015,-64.95865161016525,weak_similarity
1649,st_john-bay-moravian-point,Moravian Point,bay,st_john,none,research_clean_name_no_candidate,false,ADRIAN,geographic_index,18.342665470030198,-64.7667732947042,weak_similarity
1651,st_thomas-bay-morningetar-bay,Morningetar Bay,bay,st_thomas,none,research_clean_name_no_candidate,false,Dorothea Bay,geographic_index,18.36245597302735,-64.96542702087879,weak_similarity
1652,st_croix-estate-morningstar,Morningstar,estate,st_croix,review,review_candidate,false,MORNING STAR,geographic_index,17.76267907047465,-64.76127587077406,similarity_or_token_overlap
1653,st_thomas-dictionaryEntry-morningstar-bay,Morningstar Bay,dictionaryEntry,st_thomas,none,research_clean_name_no_candidate,false,Bonne Esperance Estate,geographic_index,18.35446178282435,-64.9895367101718,weak_similarity
1655,st_thomas-bay-mosquito-bay,Mosquito Bay,bay,st_thomas,none,research_clean_name_no_candidate,false,Smith Bay Road,geographic_index,18.335278251441,-64.86171891676014,weak_similarity
1656,st_thomas-estate-mosquito-bay-road,Mosquito Bay Road,estate,st_thomas,none,research_clean_name_no_candidate,false,MISGUNST,geographic_index,18.35687840900315,-64.9333822333455,weak_similarity
1658,st_thomas-point-mother-east-point,Mother-East Point,point,st_thomas,none,research_clean_name_no_candidate,false,OUTER BRASS ISLAND,geographic_index,18.396771896594352,-64.97125115098954,weak_similarity
1659,st_john-estate-motlehdahl,Motlehdahl,estate,st_john,none,research_clean_name_no_candidate,false,MANDAHL,geographic_index,18.3113965331173,-64.7124047177175,weak_similarity
1660,st_croix-estate-moucliel,Moucliel,estate,st_croix,none,research_clean_name_no_candidate,false,MONTPELLIER,geographic_index,17.76469662632465,-64.7564546972505,weak_similarity
1663,st_thomas-estate-mount-bteward,Mount Bteward,estate,st_thomas,none,research_clean_name_no_candidate,false,JOHN BREWER'S,geographic_index,18.3453824903421,-64.97656230533175,weak_similarity
1667,st_croix-estate-mount-lookout,Mount Lookout,estate,st_croix,none,research_clean_name_no_candidate,false,MOUNT RETREAT,geographic_index,17.73429993722005,-64.62999820808935,weak_similarity
1668,st_croix-estate-mount-peeasant,Mount PEeasant,estate,st_croix,none,research_clean_name_no_candidate,false,MOUNT PLEASANT (East),geographic_index,17.7484405648394,-64.67025465182769,weak_similarity
1675,st_croix-estate-mount-stkwart,Mount Stkwart,estate,st_croix,review,ocr_or_name_cleanup_first,false,MOUNT STEWART,geographic_index,17.747914595970848,-64.84303041392059,similarity_or_token_overlap
1679,st_croix-estate-mount-washingtan,Mount Washingtan,estate,st_croix,none,research_clean_name_no_candidate,false,UNION & MOUNT WASHINGTON,geographic_index,17.7367566591224,-64.65108975122155,weak_similarity
1682,st_croix-estate-mount-xisery,Mount Xisery,estate,st_croix,none,research_clean_name_no_candidate,false,MOUNT VICTORY,geographic_index,17.750229247140048,-64.8683053275065,weak_similarity
1684,st_thomas-estate-mountain,Mountain,estate,st_thomas,none,research_clean_name_no_candidate,false,Contant,geographic_index,18.34442312704015,-64.95865161016525,weak_similarity
1686,st_thomas-point-mouton,Mouton,point,st_thomas,none,research_clean_name_no_candidate,false,Contant,geographic_index,18.34442312704015,-64.95865161016525,weak_similarity
1691,st_croix-bay-mtken-point,Mtken Point,bay,st_croix,none,research_clean_name_no_candidate,false,Atkins,geographic_index,17.75192,-64.75264,weak_similarity
1692,st_thomas-estate-mud,Mud,estate,st_thomas,none,generic_fragment_do_not_coordinate,false,MANDAHL,geographic_index,18.3560692464838,-64.89543387653845,weak_similarity
1694,st_thomas-point-muhlenfeldds-point,Muhlenfeldds Point,point,st_thomas,none,research_clean_name_no_candidate,false,Magens Bay,geographic_index,18.3626,-64.9307,weak_similarity
1695,st_thomas-point-muhlenfeldt-point,Muhlenfeldt Point,point,st_thomas,none,research_clean_name_no_candidate,false,MARIENDAL,geographic_index,18.3287034601041,-64.87492977521575,weak_similarity
1696,st_thomas-historic-muhlenfels-battery,Muhlenfels Battery,historic,st_thomas,none,research_clean_name_no_candidate,false,QUEENS' QUARTER,geographic_index,18.34330263698985,-64.93360069219719,weak_similarity
1697,st_john-bay-mulcrt-bay,Mulcrt Bay,bay,st_john,none,research_clean_name_no_candidate,false,BUCK ISLAND,geographic_index,18.316202769484953,-64.68853565565725,weak_similarity
1698,st_thomas-point-munster-hill,Munster Hill,point,st_thomas,none,research_clean_name_no_candidate,false,Benner Hill,geographic_index,18.330419,-64.859625,weak_similarity
1699,st_john-point-murdenhorouyh-point,Murdenhorouyh Point,point,st_john,none,research_clean_name_no_candidate,false,Bordeaux Roads,geographic_index,18.3346047564803,-64.72275003509866,weak_similarity
1700,st_croix-estate-muri,Muri,estate,st_croix,none,generic_fragment_do_not_coordinate,false,MOUNTAIN,geographic_index,17.71409151355645,-64.835947393362,weak_similarity
1703,st_thomas-estate-muskitebay,Muskitebay,estate,st_thomas,none,research_clean_name_no_candidate,false,Caretbay,geographic_index,18.364573,-64.976085,weak_similarity
1704,st_thomas-bay-musquite-bay,Musquite Bay,bay,st_thomas,none,research_clean_name_no_candidate,false,QUEENS' QUARTER,geographic_index,18.34330263698985,-64.93360069219719,weak_similarity
1705,st_thomas-estate-musquite-bay-plantation,Musquite-Bay plantation,estate,st_thomas,none,research_clean_name_no_candidate,false,QUEENS' QUARTER,geographic_index,18.34330263698985,-64.93360069219719,weak_similarity
1706,st_thomas-estate-musquitobay,Musquitobay,estate,st_thomas,none,research_clean_name_no_candidate,false,Lindquist Beach,geographic_index,18.3367,-64.8619,weak_similarity
1712,st_thomas-bay-nana-hill,Nana Hill,bay,st_thomas,none,research_clean_name_no_candidate,false,Contant Hill,geographic_index,18.34442312704015,-64.95865161016525,weak_similarity
1713,st_john-hill-nancy-hill,Nancy Hill,hill,st_john,weak,review_candidate,false,Caneel Hill,geographic_index,18.34305825172645,-64.7874874960091,weak_similarity
1714,st_thomas-estate-nancys-hope,Nancy's Hope,estate,st_thomas,review,review_candidate,false,HOPE,geographic_index,18.3626612187422,-65.001633113491,contains_clean_slug
1715,st_john-bay-nanny-point,Nanny Point,bay,st_john,none,research_clean_name_no_candidate,false,Anna Point,geographic_index,18.371289,-64.733869,weak_similarity
1716,st_thomas-point-nanny-pynt,Nanny Pynt,point,st_thomas,none,ocr_or_name_cleanup_first,false,ANNA'S FANCY,geographic_index,18.34260748795655,-64.9413616106873,weak_similarity
1719,st_croix-bay-narrow-bay,Narrow Bay,bay,st_croix,none,research_clean_name_no_candidate,false,NEGRO BAY,geographic_index,17.6978977833209,-64.79979690740001,weak_similarity
1720,st_thomas-bay-nathanael-bay,Nathanael Bay,bay,st_thomas,none,research_clean_name_no_candidate,false,Hassel Island,geographic_index,18.3358,-64.9393,weak_similarity
1721,st_john-bay-nathanzet-bay,NathanZet Bay,bay,st_john,none,ocr_or_name_cleanup_first,false,Hansen Bay,geographic_index,18.33926748296545,-64.66960209213426,weak_similarity
1722,st_thomas-bay-nattepan-bay,Nattepan Bay,bay,st_thomas,none,research_clean_name_no_candidate,false,EASTERN WATER ISLAND / SPRAT BAY,geographic_index,18.32355944219015,-64.94466601043206,weak_similarity
1726,st_john-bay-near-point,Near Point,bay,st_john,none,research_clean_name_no_candidate,false,PETER BAY,geographic_index,18.351925094693698,-64.76364726021771,weak_similarity
1728,st_thomas-bay-neeger-bay,Neeger Bay,bay,st_thomas,none,research_clean_name_no_candidate,false,Benner Bay,geographic_index,18.330419,-64.859625,weak_similarity
1729,st_thomas-historic-negeru,Negeru,historic,st_thomas,none,research_clean_name_no_candidate,false,St. PETER,geographic_index,18.3636778385126,-64.94634233178459,weak_similarity
1731,st_thomas-estate-negro-bay,Negro Bay,estate,st_thomas,none,research_clean_name_no_candidate,false,PEARL,geographic_index,18.3580766730493,-64.9788318164592,weak_similarity
1733,st_thomas-estate-negrobay,Negrobay,estate,st_thomas,none,research_clean_name_no_candidate,false,Caretbay,geographic_index,18.364573,-64.976085,weak_similarity
1742,st_thomas-bay-newfound-bay,Newfound Bay,bay,st_thomas,none,research_clean_name_no_candidate,false,LERKENLUND,geographic_index,18.35975098547915,-64.94000561367716,weak_similarity
1744,st_croix-estate-nfijilnledet,Nfijilnledet,estate,st_croix,none,research_clean_name_no_candidate,false,MON BIJOU / BLUE MT,geographic_index,17.7529455104308,-64.7968792990236,weak_similarity
1751,st_thomas-point-noord-weet-pant,Noord Weet pant,point,st_thomas,none,research_clean_name_no_candidate,false,SORGENFRI WESTERN PORTION,geographic_index,18.36575563600985,-64.9862872772905,weak_similarity
1752,st_thomas-estate-noorddztfde-b-a-d,Noorddztfde B a d,estate,st_thomas,none,ocr_or_name_cleanup_first,false,BORDEAUX,geographic_index,18.356590458506503,-65.01661868979055,weak_similarity
1753,st_thomas-point-nord-8lde-v-e-y,Nord 8lde V e y,point,st_thomas,none,ocr_or_name_cleanup_first,false,Bordeaux Hill,geographic_index,18.356590458506503,-65.01661868979055,weak_similarity
1756,st_croix-estate-norgenetern,Norgenetern,estate,st_croix,none,research_clean_name_no_candidate,false,HOGENSBERG,geographic_index,17.71167459321845,-64.84332390797235,weak_similarity
1758,st_thomas-bay-nortaglrle-bay,NortAglrle Bay,bay,st_thomas,none,ocr_or_name_cleanup_first,false,Bordeaux Klyne Bay,geographic_index,18.356590458506503,-65.01661868979055,weak_similarity
1759,st_croix-point-north-cove,North Cove,point,st_croix,none,research_clean_name_no_candidate,false,NORTH HALL,geographic_index,17.74951173408035,-64.87233148757599,weak_similarity
1761,st_thomas-estate-north-hall,North Hall,estate,st_thomas,none,research_clean_name_no_candidate,false,Contant Hill,geographic_index,18.34442312704015,-64.95865161016525,weak_similarity
1763,st_thomas-point-north-poi-ltt,North Poi-ltt,point,st_thomas,none,research_clean_name_no_candidate,false,TURTLE DOVE CAY,geographic_index,18.3086275618696,-65.0003906549153,weak_similarity
1764,st_croix-estate-north-siand,North Si&,estate,st_croix,none,ocr_or_name_cleanup_first,false,NORTH STAR,geographic_index,17.7643827657991,-64.8181934288463,weak_similarity
1765,st_croix-estate-north-side,North Side,estate,st_croix,review,review_candidate,false,NORTHSIDE,geographic_index,17.75974688135625,-64.8840756495307,similarity_or_token_overlap
1769,st_thomas-point-north8ide-point,NOrth8ide Point,point,st_thomas,none,ocr_or_name_cleanup_first,false,BETHESDA,geographic_index,18.3559062831591,-65.00835365155365,weak_similarity
1770,st_thomas-estate-northside,Northside,estate,st_thomas,none,research_clean_name_no_candidate,false,BETHESDA,geographic_index,18.3559062831591,-65.00835365155365,weak_similarity
1772,st_thomas-estate-northside-a-quarter,Northside A Quarter,estate,st_thomas,none,research_clean_name_no_candidate,false,KRONPRINSENS QUARTER,geographic_index,18.34141928853635,-64.937199780302,weak_similarity
1776,st_croix-estate-northstar,Northstar,estate,st_croix,review,review_candidate,false,NORTH STAR,geographic_index,17.7643827657991,-64.8181934288463,similarity_or_token_overlap
1777,st_thomas-estate-now-part-of-shoys-estate,Now part of Shoy's estate,estate,st_thomas,none,research_clean_name_no_candidate,false,Contant Hill,geographic_index,18.34442312704015,-64.95865161016525,weak_similarity
1779,st_thomas-point-nsrdatlanterhavet,Nsrdatlanterhavet,point,st_thomas,none,research_clean_name_no_candidate,false,ANNA'S RETREAT,geographic_index,18.34264445784635,-64.88706827427085,weak_similarity
1781,st_croix-estate-nugent,Nugent,estate,st_croix,review,review_candidate,false,CASTLE NUGENT,geographic_index,17.719562371093147,-64.6797022059518,contains_clean_slug
1782,st_thomas-point-nugent-point,Nugent Point,point,st_thomas,none,research_clean_name_no_candidate,false,Magens Bay,geographic_index,18.3626,-64.9307,weak_similarity
1783,st_thomas-estate-nulliberg,Nulliberg,estate,st_thomas,review,review_candidate,false,NULLYBERG,geographic_index,18.326305680630853,-64.89736067271285,similarity_or_token_overlap
1786,st_john-bay-nuzatle-bay,NuZatle Bay,bay,st_john,none,ocr_or_name_cleanup_first,false,Little Plantation,geographic_index,18.338279674410302,-64.7164700652325,weak_similarity
1793,st_croix-estate-nzrmber-fwr-h-a-l,Nzrmber-Fwr H a l,estate,st_croix,none,ocr_or_name_cleanup_first,false,ROBERTS HILL,geographic_index,17.7508914374122,-64.6775155324575,weak_similarity
1795,st_thomas-point-oatende,Oatende,point,st_thomas,none,research_clean_name_no_candidate,false,Haagensen House,geographic_index,18.3442,-64.9303,weak_similarity
1796,st_thomas-bay-oeterzde-bay,Oeterzde Bay,bay,st_thomas,none,research_clean_name_no_candidate,false,St. PETER,geographic_index,18.3636778385126,-64.94634233178459,weak_similarity
1798,st_john-estate-ohamonbay,Ohamonbay,estate,st_john,none,research_clean_name_no_candidate,false,CINNAMON CAY,geographic_index,18.356393692045,-64.75644601064465,weak_similarity
1800,st_thomas-hill-okford-hill,Okford Hill,hill,st_thomas,none,research_clean_name_no_candidate,false,Bethesda Hill,geographic_index,18.3559062831591,-65.00835365155365,weak_similarity
1802,st_croix-estate-old-love,Old Love,estate,st_croix,none,research_clean_name_no_candidate,false,LOWER LOVE,geographic_index,17.7222373747837,-64.80923105535605,weak_similarity
1804,st_thomas-estate-ole-or-oley-bay,Ole or Oley Bay,estate,st_thomas,none,research_clean_name_no_candidate,false,Bolongo Valley,geographic_index,18.3175123332078,-64.89879745646965,weak_similarity
1806,st_thomas-point-omen-bock,Omen Bock,point,st_thomas,none,research_clean_name_no_candidate,false,COCULUS ROCK,geographic_index,18.31372200975455,-64.8648698763188,weak_similarity
1809,st_thomas-bay-ooatewt-bay,Ooatewt Bay,bay,st_thomas,none,research_clean_name_no_candidate,false,Caret Point,geographic_index,18.36457293689035,-64.97608543520525,weak_similarity
1811,st_thomas-point-ookie-point,Ookie Point,point,st_thomas,none,research_clean_name_no_candidate,false,Coki Point,geographic_index,18.3499,-64.8676,weak_similarity
1812,st_croix-point-oosteinde,Oosteinde,point,st_croix,none,research_clean_name_no_candidate,false,BULOWS MINDE,geographic_index,17.73924717655035,-64.72793560871304,weak_similarity
1814,st_thomas-estate-orange-grove,Orange Grove,estate,st_thomas,none,research_clean_name_no_candidate,false,Bolongo Valley,geographic_index,18.3175123332078,-64.89879745646965,weak_similarity
1818,st_croix-estate-orangegrove,Orangegrove,estate,st_croix,review,review_candidate,false,GROVE PLACE,geographic_index,17.730883867683502,-64.8230564385662,contains_clean_slug
1819,st_croix-estate-orangegrove-road,Orangegrove Road,estate,st_croix,review,review_candidate,false,GROVE PLACE,geographic_index,17.730883867683502,-64.8230564385662,contains_clean_slug
1822,st_thomas-island-oreen-island,Oreen Island,island,st_thomas,none,research_clean_name_no_candidate,false,Lerken Bay,geographic_index,18.35975098547915,-64.94000561367716,weak_similarity
1826,st_thomas-bay-orkane-bay,Orkane Bay,bay,st_thomas,none,research_clean_name_no_candidate,false,Fortuna Bay,geographic_index,18.34910707085145,-65.0142865514324,weak_similarity
1828,st_john-point-orkanlcul,Orkanlcul,point,st_john,none,research_clean_name_no_candidate,false,Francis Bay,geographic_index,18.3621,-64.7469,weak_similarity
1829,st_thomas-point-ost-enande-pmt,Ost-en&e-Pmt,point,st_thomas,none,ocr_or_name_cleanup_first,false,EASTERN WATER ISLAND / SPRAT BAY,geographic_index,18.32355944219015,-64.94466601043206,weak_similarity
1830,st_thomas-bay-ostende-bay,Ostende Bay,bay,st_thomas,none,research_clean_name_no_candidate,false,BETHESDA,geographic_index,18.3559062831591,-65.00835365155365,weak_similarity
1832,st_thomas-bay-out-ende-bay,Out-ende-Bay,bay,st_thomas,none,research_clean_name_no_candidate,false,LOUISENHOJ,geographic_index,18.35205982839385,-64.92213183992129,weak_similarity
1836,st_thomas-estate-owrettbay,Owrettbay,estate,st_thomas,weak,review_candidate,false,Carettbay,geographic_index,18.36457293689035,-64.97608543520525,weak_similarity
1838,st_thomas-estate-oxford,Oxford,estate,st_thomas,none,research_clean_name_no_candidate,false,HOFFMAN,geographic_index,18.33237718839525,-64.8970447926404,weak_similarity
1842,st_thomas-estate-oxholm-within-this-estate,Oxholm within this estate,estate,st_thomas,none,research_clean_name_no_candidate,false,SORGENFRI WESTERN PORTION,geographic_index,18.36575563600985,-64.9862872772905,weak_similarity
1843,st_thomas-estate-oxholms-list,Oxholm's list,estate,st_thomas,none,research_clean_name_no_candidate,false,THOMAS - LONG BAY,geographic_index,18.3372628064215,-64.91976801040366,weak_similarity
1844,st_john-bay-oyen-hill,Oyen Hill,bay,st_john,none,research_clean_name_no_candidate,false,Ram Hill,geographic_index,18.304556,-64.701833,weak_similarity
1846,st_thomas-bay-pacquereau-bay,Pacquereau Bay,bay,st_thomas,none,research_clean_name_no_candidate,false,ANNA'S RETREAT,geographic_index,18.34264445784635,-64.88706827427085,weak_similarity
1847,st_thomas-estate-pacquereau-punt,Pacquereau Punt,estate,st_thomas,none,research_clean_name_no_candidate,false,Caretbay Gut,geographic_index,18.36457293689035,-64.97608543520525,weak_similarity
1850,st_thomas-estate-pakero,Pakero,estate,st_thomas,none,research_clean_name_no_candidate,false,BAKKERO,geographic_index,18.32437770527245,-64.91758954396096,weak_similarity
1851,st_thomas-point-pakeros-pent,Pakeros-Pent,point,st_thomas,none,research_clean_name_no_candidate,false,Government House,geographic_index,18.3418,-64.9313,weak_similarity
1852,st_thomas-historic-pakhuye,Pakhuye,historic,st_thomas,none,research_clean_name_no_candidate,false,RAPHUNE,geographic_index,18.33611739862115,-64.90749670274926,weak_similarity
1856,st_john-bay-pan-bay,Pan Bay,bay,st_john,none,research_clean_name_no_candidate,false,Caneel Bay,geographic_index,18.34305825172645,-64.7874874960091,weak_similarity
1857,st_thomas-estate-pannet,Pannet,estate,st_thomas,none,research_clean_name_no_candidate,false,Benner Bay,geographic_index,18.330419,-64.859625,weak_similarity
1858,st_john-bay-panns-bay,Panns Bay,bay,st_john,none,research_clean_name_no_candidate,false,Anna Point,geographic_index,18.371289,-64.733869,weak_similarity
1859,st_john-estate-paquerau,Paquerau,estate,st_john,none,research_clean_name_no_candidate,false,PASTORY,geographic_index,18.3333478812037,-64.78450558337934,weak_similarity
1860,st_john-estate-par-force,Par Force,estate,st_john,none,research_clean_name_no_candidate,false,PASTORY,geographic_index,18.3333478812037,-64.78450558337934,weak_similarity
1863,st_thomas-estate-paradise,Paradise,estate,st_thomas,none,research_clean_name_no_candidate,false,Arons Estate,geographic_index,18.35358,-64.96938,weak_similarity
1866,st_thomas-estate-parasol,Parasol,estate,st_thomas,none,research_clean_name_no_candidate,false,PEARL,geographic_index,18.3580766730493,-64.9788318164592,weak_similarity
1868,st_croix-estate-parasol-hill,Parasol Hill,estate,st_croix,review,review_candidate,false,PARASOL,geographic_index,17.7558796915945,-64.8170085737669,contains_clean_slug
1869,st_john-estate-parforce,Parforce,estate,st_john,none,research_clean_name_no_candidate,false,PASTORY,geographic_index,18.3333478812037,-64.78450558337934,weak_similarity
1870,st_thomas-estate-parhien,Parhien,estate,st_thomas,none,research_clean_name_no_candidate,false,MARIENDAL,geographic_index,18.3287034601041,-64.87492977521575,weak_similarity
1871,st_croix-bay-partuuier-bay,Partuuier Bay,bay,st_croix,none,research_clean_name_no_candidate,false,SALT RIVER,geographic_index,17.774191067180702,-64.7642277944249,weak_similarity
1875,st_croix-estate-patience,Patience,estate,st_croix,none,research_clean_name_no_candidate,false,MARIENHOJ,geographic_index,17.740070172519502,-64.6675315344861,weak_similarity
1877,st_thomas-point-patrick-point,Patrick Point,point,st_thomas,none,research_clean_name_no_candidate,false,PATRICIA CAY,geographic_index,18.3061163569349,-64.87250593307215,weak_similarity
1878,st_thomas-estate-pawup,Pawup,estate,st_thomas,none,research_clean_name_no_candidate,false,RAPHUNE,geographic_index,18.33611739862115,-64.90749670274926,weak_similarity
1879,st_croix-estate-pct4r-canucbdg,Pct4r Canucbdg,estate,st_croix,none,ocr_or_name_cleanup_first,false,Canebay,geographic_index,17.702682157254202,-64.84359059453385,weak_similarity
1886,st_john-point-pelican-cay,Pelican Cay,point,st_john,none,research_clean_name_no_candidate,false,CAVAL CAY,geographic_index,18.3696541915186,-64.79410767497025,weak_similarity
1889,st_john-point-pen-point,Pen Point,point,st_john,none,research_clean_name_no_candidate,false,EDEN,geographic_index,18.349263313340252,-64.70857040997706,weak_similarity
1890,st_thomas-estate-pentheny,Pentheny,estate,st_thomas,none,research_clean_name_no_candidate,false,St. PETER,geographic_index,18.3636778385126,-64.94634233178459,weak_similarity
1891,st_thomas-estate-pentheny-hill,Pentheny Hill,estate,st_thomas,none,research_clean_name_no_candidate,false,Benner Hill,geographic_index,18.330419,-64.859625,weak_similarity
1892,st_croix-point-pentheny-point,Pentheny Point,point,st_croix,none,research_clean_name_no_candidate,false,ST PETERS,geographic_index,17.74343239067965,-64.68638037446959,weak_similarity
1893,st_john-bay-perkins-cay,Perkins Cay,bay,st_john,none,research_clean_name_no_candidate,false,Trunk Cay,geographic_index,18.3550296711977,-64.7686847888134,weak_similarity
1894,st_thomas-estate-perl,Perl,estate,st_thomas,weak,generic_fragment_do_not_coordinate,false,PEARL,geographic_index,18.3580766730493,-64.9788318164592,weak_similarity
1898,st_john-bay-petand-bay,Pet& Bay,bay,st_john,none,ocr_or_name_cleanup_first,false,PETER BAY,geographic_index,18.351925094693698,-64.76364726021771,weak_similarity
1900,st_thomas-point-peter-beach,Peter Beach,point,st_thomas,review,review_candidate,false,St. PETER,geographic_index,18.3636778385126,-64.94634233178459,contains_clean_slug
1906,st_thomas-estate-peters-f-a-d,Peters F a d,estate,st_thomas,review,ocr_or_name_cleanup_first,false,St. PETER,geographic_index,18.3636778385126,-64.94634233178459,contains_clean_slug
1909,st_john-point-petroglyphs,Petroglyphs,point,st_john,none,ocr_or_name_cleanup_first,false,BETHANY,geographic_index,18.32875985137175,-64.78395168634535,weak_similarity
1914,st_thomas-bay-picara-point,Picara Point,bay,st_thomas,none,research_clean_name_no_candidate,false,PEARL,geographic_index,18.3580766730493,-64.9788318164592,weak_similarity
1915,st_thomas-estate-pickering-point,Pickering Point,estate,st_thomas,none,research_clean_name_no_candidate,false,CATHERINEBERG,geographic_index,18.3450964261188,-64.93264931271824,weak_similarity
1916,st_thomas-point-pictita-oriental,Pictita Oriental,point,st_thomas,none,research_clean_name_no_candidate,false,MARIENDAL,geographic_index,18.3287034601041,-64.87492977521575,weak_similarity
1917,st_thomas-point-piedra-cubierta,Piedra Cubierta,point,st_thomas,none,research_clean_name_no_candidate,false,Frederick Lutheran Church,geographic_index,18.3417,-64.9318,weak_similarity
1918,st_thomas-point-piedra-de-punta-sandy,Piedra de Punta Sandy,point,st_thomas,none,research_clean_name_no_candidate,false,Frederick Lutheran Church,geographic_index,18.3417,-64.9318,weak_similarity
1921,st_thomas-point-piedra8-sueltrcs,Piedra8 Sueltrcs,point,st_thomas,none,ocr_or_name_cleanup_first,false,Frederick Lutheran Church,geographic_index,18.3417,-64.9318,weak_similarity
1922,st_john-estate-pillsbury-sound,Pillsbury Sound,estate,st_john,none,research_clean_name_no_candidate,false,Salt Pond Bay,geographic_index,18.3065,-64.7075,weak_similarity
1923,st_thomas-bay-pinham-bay,Pinham Bay,bay,st_thomas,none,research_clean_name_no_candidate,false,PELICAN CAY,geographic_index,18.41475103862565,-64.908838486356,weak_similarity
1924,st_thomas-bay-pinham-point,Pinham Point,bay,st_thomas,none,research_clean_name_no_candidate,false,PELICAN CAY,geographic_index,18.41475103862565,-64.908838486356,weak_similarity
1925,st_croix-estate-pipe-bay,Pipe Bay,estate,st_croix,none,research_clean_name_no_candidate,false,HOPE,geographic_index,17.7092930829718,-64.75842071161856,weak_similarity
1927,st_croix-estate-pkaeant-vale,Pkaeant Vale,estate,st_croix,weak,review_candidate,false,PLEASANT VALE,geographic_index,17.7506203661121,-64.8618986721966,weak_similarity
1928,st_thomas-bay-plaas-bay,Plaas Bay,bay,st_thomas,none,research_clean_name_no_candidate,false,PEARL,geographic_index,18.3580766730493,-64.9788318164592,weak_similarity
1929,st_croix-estate-plantagle-la-orange,Plantagle la Orange,estate,st_croix,none,research_clean_name_no_candidate,false,LITTLE LA GRANGE,geographic_index,17.7274493490267,-64.86457808397245,weak_similarity
1930,st_thomas-dictionaryEntry-plantation-of-nicbl,plantation of Nicbl,dictionaryEntry,st_thomas,none,research_clean_name_no_candidate,false,Bonne Esperance Estate,geographic_index,18.35446178282435,-64.9895367101718,weak_similarity
1934,st_croix-estate-pleasant-hill,Pleasant Hill,estate,st_croix,weak,review_candidate,false,PLEASANT VALE,geographic_index,17.7506203661121,-64.8618986721966,weak_similarity
1935,st_john-point-pleasant-point,Pleasant Point,point,st_john,review,review_candidate,false,MT PLEASANT & RETREAT,geographic_index,18.356664937054447,-64.6924915705215,contains_clean_slug
1936,st_croix-estate-pleasant-prospect,Pleasant Prospect,estate,st_croix,none,research_clean_name_no_candidate,false,PLEASANT VALE,geographic_index,17.7506203661121,-64.8618986721966,weak_similarity
1939,st_croix-estate-pless-plantation,Pless plantation,estate,st_croix,review,review_candidate,false,PLESSEN (North),geographic_index,17.73430006364915,-64.82762389166996,contains_clean_slug
1940,st_croix-estate-plessen,Plessen,estate,st_croix,review,review_candidate,false,PLESSEN (North),geographic_index,17.73430006364915,-64.82762389166996,contains_clean_slug
1945,st_thomas-bay-plum-bay,Plum Bay,bay,st_thomas,none,research_clean_name_no_candidate,false,KALKUM CAY,geographic_index,18.3504403569425,-65.05770189420505,weak_similarity
1946,st_croix-bay-plzcnte-bay,Plzcnte Bay,bay,st_croix,none,ocr_or_name_cleanup_first,false,PLEASANT VALE,geographic_index,17.7506203661121,-64.8618986721966,weak_similarity
1947,st_thomas-estate-poanwzenbcrg,Poanwzenbcrg,estate,st_thomas,none,research_clean_name_no_candidate,false,Charlotte Amalie,geographic_index,18.3419,-64.9307,weak_similarity
1948,st_croix-estate-pobtevin,Pobtevin,estate,st_croix,none,research_clean_name_no_candidate,false,PROSPERITY,geographic_index,17.728048607641753,-64.877872164136,weak_similarity
1950,st_croix-estate-pocken-eyland,Pocken-Eyland,estate,st_croix,none,research_clean_name_no_candidate,false,VICORP LAND,geographic_index,17.7228599037311,-64.80093609185555,weak_similarity
1951,st_thomas-point-poiate-bus-prunes,Poiate bus Prunes,point,st_thomas,none,research_clean_name_no_candidate,false,Bonne EspBrance Road,geographic_index,18.35446178282435,-64.9895367101718,weak_similarity
1952,st_thomas-point-poiate-de-iouest,Poiate de I'Ouest,point,st_thomas,none,research_clean_name_no_candidate,false,LITTLE ST JAMES ISLAND,geographic_index,18.3002094728063,-64.8252077853455,weak_similarity
1953,st_john-estate-point,Point,estate,st_john,none,generic_fragment_do_not_coordinate,false,ABRAHAMS FANCY / MAHO BAY,geographic_index,18.35492694156395,-64.73652112922426,
1954,st_thomas-estate-point-anchorage,Point anchorage,estate,st_thomas,none,research_clean_name_no_candidate,false,Magens Bay,geographic_index,18.3626,-64.9307,weak_similarity
1955,st_thomas-point-point-knoll,Point Knoll,point,st_thomas,none,research_clean_name_no_candidate,false,Donoe Hill,geographic_index,18.3360307539689,-64.90137070522624,weak_similarity
1956,st_thomas-point-pointe-aux-prunes,Pointe aux Prunes,point,st_thomas,none,research_clean_name_no_candidate,false,Bordeaux Klyne Bay,geographic_index,18.356590458506503,-65.01661868979055,weak_similarity
1957,st_thomas-point-pointe-de-david,Pointe de David,point,st_thomas,none,research_clean_name_no_candidate,false,CONTANT 7A,geographic_index,18.34442312704015,-64.95865161016525,weak_similarity
1958,st_thomas-point-pointe-de-is-iac-de-kzert,Pointe de Is(iac de KZert,point,st_thomas,none,research_clean_name_no_candidate,false,LITTLE THATCH KEY,geographic_index,18.35853577829425,-64.83321788469925,weak_similarity
1959,st_thomas-point-pointe-de-jacob-koninks,Pointe de Jacob Koninks,point,st_thomas,none,research_clean_name_no_candidate,false,Little Hans-Lollik,geographic_index,18.409622883251153,-64.90668228034755,weak_similarity
1960,st_croix-point-pointe-de-la-petite-anue,Pointe de la Petite Anue,point,st_croix,none,research_clean_name_no_candidate,false,LITTLE LA GRANGE,geographic_index,17.7274493490267,-64.86457808397245,weak_similarity
1961,st_croix-point-pointe-de-mathieu-tropaco,Pointe de Mathieu Tropaco,point,st_croix,none,research_clean_name_no_candidate,false,MOUNT RETREAT,geographic_index,17.73429993722005,-64.62999820808935,weak_similarity
1963,st_thomas-point-pointe-du-norciesl,Pointe du Norciesl,point,st_thomas,none,research_clean_name_no_candidate,false,Contant Hill,geographic_index,18.34442312704015,-64.95865161016525,weak_similarity
1964,st_thomas-point-pointe-du-vent,Pointe du Vent,point,st_thomas,none,research_clean_name_no_candidate,false,Contant,geographic_index,18.34442312704015,-64.95865161016525,weak_similarity
1965,st_thomas-point-points-de-ze8t,Points de Z'E8t,point,st_thomas,none,ocr_or_name_cleanup_first,false,ANNA'S RETREAT,geographic_index,18.34264445784635,-64.88706827427085,weak_similarity
1968,st_thomas-estate-pokro,Pokro,estate,st_thomas,none,research_clean_name_no_candidate,false,BAKKERO,geographic_index,18.32437770527245,-64.91758954396096,weak_similarity
1969,st_thomas-bay-pole-hill,Pole Hill,bay,st_thomas,none,research_clean_name_no_candidate,false,Donoe Hill,geographic_index,18.3360307539689,-64.90137070522624,weak_similarity
1970,st_thomas-estate-pollyberg,Pollyberg,estate,st_thomas,weak,review_candidate,false,NULLYBERG,geographic_index,18.326305680630853,-64.89736067271285,weak_similarity
1971,st_thomas-estate-pollyberg-road,Pollyberg Road,estate,st_thomas,weak,review_candidate,false,NULLYBERG,geographic_index,18.326305680630853,-64.89736067271285,weak_similarity
1973,st_john-bay-pond-bay,Pond Bay,bay,st_john,none,research_clean_name_no_candidate,false,Enighed Pond,geographic_index,18.329311500712798,-64.79193196712666,weak_similarity
1974,st_thomas-estate-pontoiae,Pontoiae,estate,st_thomas,none,research_clean_name_no_candidate,false,DONOE,geographic_index,18.3360307539689,-64.90137070522624,weak_similarity
1975,st_thomas-bay-pop-point,Pop Point,bay,st_thomas,none,research_clean_name_no_candidate,false,HOPE,geographic_index,18.3626612187422,-65.001633113491,weak_similarity
1976,st_john-bay-popilleau-bay,Popilleau Bay,bay,st_john,none,research_clean_name_no_candidate,false,BELLEVUE,geographic_index,18.33037923226835,-64.7691885039207,weak_similarity
1978,st_thomas-point-porpoise-rocks,Porpoise Rocks,point,st_thomas,none,research_clean_name_no_candidate,false,COCULUS ROCK,geographic_index,18.31372200975455,-64.8648698763188,weak_similarity
1984,st_croix-estate-poul,Poul,estate,st_croix,none,generic_fragment_do_not_coordinate,false,GREAT POND,geographic_index,17.72774285576095,-64.6486757604458,weak_similarity
1985,st_croix-estate-poupel,Poupel,estate,st_croix,none,research_clean_name_no_candidate,false,Cooper,geographic_index,17.6951962167965,-64.8094797486572,weak_similarity
1987,st_thomas-bay-powell-bay,Powell Bay,bay,st_thomas,none,research_clean_name_no_candidate,false,Donoe Hill,geographic_index,18.3360307539689,-64.90137070522624,weak_similarity
1989,st_thomas-estate-prriazeeain-qzucrtier,Pr'riazeeain Qzucrtier,estate,st_thomas,none,research_clean_name_no_candidate,false,QUEENS' QUARTER,geographic_index,18.34330263698985,-64.93360069219719,weak_similarity
1993,st_thomas-estate-predenpborg,Predenpborg,estate,st_thomas,none,research_clean_name_no_candidate,false,PETERBORG,geographic_index,18.37184097350785,-64.9279227864161,weak_similarity
1994,st_thomas-historic-prederikx-bnttcric,Prederikx Bnttcric,historic,st_thomas,none,research_clean_name_no_candidate,false,Frederick Lutheran Church,geographic_index,18.3417,-64.9318,weak_similarity
1995,st_thomas-bay-prettyklip-point,Prettyklip Point,bay,st_thomas,none,research_clean_name_no_candidate,false,Caretbay Gut,geographic_index,18.36457293689035,-64.97608543520525,weak_similarity
2002,st_croix-estate-princess,Princess,estate,st_croix,review,review_candidate,false,LA GRANDE PRINCESSE,geographic_index,17.757271983688298,-64.73523993211084,contains_clean_slug
2003,st_john-bay-princess-bay,Princess Bay,bay,st_john,none,research_clean_name_no_candidate,false,Francis Bay,geographic_index,18.3621,-64.7469,weak_similarity
2006,st_croix-estate-princess-school,Princess School,estate,st_croix,review,review_candidate,false,LA GRANDE PRINCESSE,geographic_index,17.757271983688298,-64.73523993211084,contains_clean_slug
2007,st_thomas-estate-princess-stock-estate,Princess Stock Estate,estate,st_thomas,none,research_clean_name_no_candidate,false,AGNES FANCY,geographic_index,18.34920423771985,-64.93569329206,weak_similarity
2010,st_john-bay-privateer-bay,Privateer Bay,bay,st_john,none,research_clean_name_no_candidate,false,Leinster Bay,geographic_index,18.36092071796525,-64.71843131202445,weak_similarity
2011,st_john-bay-privateer-point,Privateer Point,bay,st_john,none,research_clean_name_no_candidate,false,Leinster Bay,geographic_index,18.36092071796525,-64.71843131202445,weak_similarity
2013,st_thomas-estate-prlntz-robberta-klippe,Prlntz-Robberta Klippe,estate,st_thomas,none,research_clean_name_no_candidate,false,Elizabeth Hill,geographic_index,18.35136065410805,-64.93523180616941,weak_similarity
2014,st_croix-point-prnnte-eapagaoze,PrNnte E'apagaoZe,point,st_croix,none,ocr_or_name_cleanup_first,false,MOUNT EAGLE,geographic_index,17.7591120534563,-64.80572739345705,weak_similarity
2016,st_croix-estate-proepectue,Proepectue,estate,st_croix,none,research_clean_name_no_candidate,false,PROSPECT HILL,geographic_index,17.7284304547927,-64.67607938657555,weak_similarity
2024,st_croix-estate-prosperity-clarden,Prosperity Clarden,estate,st_croix,review,review_candidate,false,PROSPERITY,geographic_index,17.728048607641753,-64.877872164136,contains_clean_slug
2026,st_croix-estate-prosperity-gut,Prosperity Gut,estate,st_croix,review,review_candidate,false,PROSPERITY,geographic_index,17.728048607641753,-64.877872164136,contains_clean_slug
2033,st_croix-estate-provengal,Provengal,estate,st_croix,none,research_clean_name_no_candidate,false,Groveplace,geographic_index,17.730883867683502,-64.8230564385662,weak_similarity
2034,water_island-estate-providence,Providence,estate,water_island,none,research_clean_name_no_candidate,false,Honeymoon Beach,geographic_index,18.3195,-64.9517,weak_similarity
2035,water_island-estate-providence-hill,Providence Hill,estate,water_island,none,research_clean_name_no_candidate,false,Honeymoon Beach,geographic_index,18.3195,-64.9517,weak_similarity
2036,water_island-estate-providence-point,Providence Point,estate,water_island,none,research_clean_name_no_candidate,false,Honeymoon Beach,geographic_index,18.3195,-64.9517,weak_similarity
2037,st_thomas-bay-prune-bay,Prune Bay,bay,st_thomas,none,research_clean_name_no_candidate,false,RAPHUNE,geographic_index,18.33611739862115,-64.90749670274926,weak_similarity
2039,st_thomas-point-pstspidson,Pstspidson,point,st_thomas,none,ocr_or_name_cleanup_first,false,Estate Niesky,historic_sites,18.338611,-64.951667,weak_similarity
2044,st_croix-point-pull-rock,Pull Rock,point,st_croix,none,research_clean_name_no_candidate,false,GOLDEN ROCK,geographic_index,17.750492234111952,-64.72131271062725,weak_similarity
2045,st_thomas-estate-punch,Punch,estate,st_thomas,none,research_clean_name_no_candidate,false,French Bay,geographic_index,18.31958030255245,-64.9084111427579,weak_similarity
2047,st_croix-estate-punch-hill,Punch Hill,estate,st_croix,review,review_candidate,false,PUNCH,geographic_index,17.73965896466005,-64.86899338708506,contains_clean_slug
2049,st_croix-estate-punch-valley,Punch Valley,estate,st_croix,review,review_candidate,false,PUNCH,geographic_index,17.73965896466005,-64.86899338708506,contains_clean_slug
2050,st_thomas-bay-punnett-bay,Punnett Bay,bay,st_thomas,none,research_clean_name_no_candidate,false,Benner Bay,geographic_index,18.330419,-64.859625,weak_similarity
2051,st_thomas-point-punnett-point,Punnett Point,point,st_thomas,none,research_clean_name_no_candidate,false,Benner Bay,geographic_index,18.330419,-64.859625,weak_similarity
2053,st_john-point-punta-corsario,Punta Corsario,point,st_john,none,research_clean_name_no_candidate,false,Concordia Bay,geographic_index,18.30740743739495,-64.70375086625529,weak_similarity
2054,st_croix-point-punta-dcl-rio-galado,Punta dcl Rio galado,point,st_croix,none,research_clean_name_no_candidate,false,PUBLIC PORT SITE (Filled Lands),geographic_index,17.695258877802,-64.76233022622525,weak_similarity
2055,st_thomas-point-punta-roja,Punta Roja,point,st_thomas,none,research_clean_name_no_candidate,false,SANTA MARIA,geographic_index,18.359333337383298,-64.98905345449211,weak_similarity
2056,water_island-point-punta-sardilza,Punta Sardilza,point,water_island,none,research_clean_name_no_candidate,false,Honeymoon Beach,geographic_index,18.3195,-64.9517,weak_similarity
2058,st_thomas-point-puntn-ilogticst,Puntn Ilogticst,point,st_thomas,none,research_clean_name_no_candidate,false,Havensight Point,geographic_index,18.3297646929236,-64.92094811684731,weak_similarity
2059,st_john-estate-qanee-h-i-l-l,Qanee H i l l,estate,st_john,none,ocr_or_name_cleanup_first,false,Caneel Hill,geographic_index,18.34305825172645,-64.7874874960091,weak_similarity
2062,st_john-bay-qift-hill,Qift Hill,bay,st_john,none,research_clean_name_no_candidate,false,Ram Hill,geographic_index,18.304556,-64.701833,weak_similarity
2065,st_thomas-bay-qirgirri-bay,Qirgirri Bay,bay,st_thomas,none,research_clean_name_no_candidate,false,Brewers Bay,geographic_index,18.3444,-64.9782,weak_similarity
2066,st_thomas-point-quarantine,Quarantine,point,st_thomas,none,research_clean_name_no_candidate,false,RAPHUNE,geographic_index,18.33611739862115,-64.90749670274926,weak_similarity
2068,st_thomas-estate-quasda-hill,Quasda Hill,estate,st_thomas,none,research_clean_name_no_candidate,false,Bethesda Hill,geographic_index,18.3559062831591,-65.00835365155365,weak_similarity
2074,st_thomas-estate-rabpaon,Rabpaon,estate,st_thomas,none,research_clean_name_no_candidate,false,RAPHUNE,geographic_index,18.33611739862115,-64.90749670274926,weak_similarity
2078,st_thomas-island-ram-goat-cay,Ram Goat Cay,island,st_thomas,none,research_clean_name_no_candidate,false,Thatch Cay,geographic_index,18.3592767020762,-64.86191857744305,weak_similarity
2082,st_thomas-estate-rambay,Rambay,estate,st_thomas,none,research_clean_name_no_candidate,false,Caretbay,geographic_index,18.364573,-64.976085,weak_similarity
2083,st_john-island-ramgoat-cay,Ramgoat Cay,island,st_john,review,review_candidate,false,RAM GOAT CAY,geographic_index,18.3551160406748,-64.78944480445855,similarity_or_token_overlap
2085,st_thomas-bay-range-cay,Range Cay,bay,st_thomas,none,research_clean_name_no_candidate,false,CAS CAY,geographic_index,18.30742565259155,-64.8657587591797,weak_similarity
2088,st_thomas-estate-rapoon,Rapoon,estate,st_thomas,none,research_clean_name_no_candidate,false,RAPHUNE,geographic_index,18.33611739862115,-64.90749670274926,weak_similarity
2089,st_thomas-estate-rapun,Rapun,estate,st_thomas,none,research_clean_name_no_candidate,false,RAPHUNE,geographic_index,18.33611739862115,-64.90749670274926,weak_similarity
2091,st_thomas-estate-rarnspot,Rarnspot,estate,st_thomas,none,research_clean_name_no_candidate,false,EASTERN WATER ISLAND / SPRAT BAY,geographic_index,18.32355944219015,-64.94466601043206,weak_similarity
2092,st_croix-estate-rartnaurtn,Rartnaurtn,estate,st_croix,none,research_clean_name_no_candidate,false,HARTMAN,geographic_index,17.72625551725455,-64.66062192582025,weak_similarity
2095,st_croix-estate-rattan,Rattan,estate,st_croix,review,review_candidate,false,RATTAN & BELVEDERE,geographic_index,17.749739825071998,-64.74981364350225,contains_clean_slug
2097,st_croix-estate-rattan-hills,Rattan Hills,estate,st_croix,none,research_clean_name_no_candidate,false,Altona Hill,geographic_index,17.74747,-64.69236,weak_similarity
2104,st_thomas-point-rcattrlyo-de-la-luunta-rota,RcattrLyo de la l'uunta Rota,point,st_thomas,none,ocr_or_name_cleanup_first,false,Charlotte Amalie,geographic_index,18.3419,-64.9307,weak_similarity
2106,st_thomas-estate-rebhuhn,Rebhuhn,estate,st_thomas,none,research_clean_name_no_candidate,false,RAPHUNE,geographic_index,18.33611739862115,-64.90749670274926,weak_similarity
2108,st_thomas-estate-recovery,Recovery,estate,st_thomas,none,research_clean_name_no_candidate,false,TURTLE DOVE CAY,geographic_index,18.3086275618696,-65.0003906549153,weak_similarity
2113,st_thomas-bay-red-bay,Red Bay,bay,st_thomas,none,research_clean_name_no_candidate,false,Caret Point,geographic_index,18.36457293689035,-64.97608543520525,weak_similarity
2116,st_croix-estate-red-point-cove,Red Point Cove,estate,st_croix,none,research_clean_name_no_candidate,false,LOWER LOVE,geographic_index,17.7222373747837,-64.80923105535605,weak_similarity
2117,st_thomas-point-red-point-shoal,Red Point Shoal,point,st_thomas,none,research_clean_name_no_candidate,false,FRYDENDAL,geographic_index,18.3484265706152,-64.87336686139005,weak_similarity
2121,st_thomas-point-redhook-hill,Redhook Hill,point,st_thomas,none,research_clean_name_no_candidate,false,Donoe Hill,geographic_index,18.3360307539689,-64.90137070522624,weak_similarity
2122,st_thomas-bay-redhook-point,Redhook Point,bay,st_thomas,none,research_clean_name_no_candidate,false,Coki Point,geographic_index,18.3499,-64.8676,weak_similarity
2125,st_john-archive_record-reef-bay-estate-and-sugar-works-records,Reef Bay Estate and Sugar Works Records,archive_record,st_john,review,review_candidate,false,REEF BAY,geographic_index,18.3241492592502,-64.7379062541914,contains_clean_slug
2126,st_john-archaeological-site-reef-bay-petroglyphs,Reef Bay Petroglyphs,archaeological-site,st_john,review,review_candidate,false,REEF BAY,geographic_index,18.3241492592502,-64.7379062541914,contains_clean_slug
2127,st_john-estate-reef-bay-quarter,Reef Bay Quarter,estate,st_john,review,review_candidate,false,REEF BAY,geographic_index,18.3241492592502,-64.7379062541914,contains_clean_slug
2129,st_thomas-estate-reeolution,Reeolution,estate,st_thomas,none,research_clean_name_no_candidate,false,BONNE RESOLUTION,geographic_index,18.361258565753303,-64.95740720803701,weak_similarity
2131,st_thomas-bay-regie-bay,Regie Bay,bay,st_thomas,none,research_clean_name_no_candidate,false,French Bay,geographic_index,18.31958030255245,-64.9084111427579,weak_similarity
2134,st_thomas-bay-rendezvous-bay,Rendezvous Bay,bay,st_thomas,none,research_clean_name_no_candidate,false,BELLEVUE,geographic_index,18.3265528432309,-64.9212594012035,weak_similarity
2135,st_thomas-estate-reseau-bay,Reseau Bay,estate,st_thomas,none,research_clean_name_no_candidate,false,Brewers Bay,geographic_index,18.3444,-64.9782,weak_similarity
2137,st_croix-estate-resselberg,Resselberg,estate,st_croix,none,research_clean_name_no_candidate,false,"Annaberg, St. Croix",geographic_index,17.702388244987148,-64.77330058691145,weak_similarity
2138,st_thomas-estate-retreat,Retreat,estate,st_thomas,review,review_candidate,false,ANNA'S RETREAT,geographic_index,18.34264445784635,-64.88706827427085,contains_clean_slug
2141,water_island-island-revenge-beach,Revenge Beach,island,water_island,none,research_clean_name_no_candidate,false,Honeymoon Beach,geographic_index,18.3195,-64.9517,weak_similarity
2143,st_croix-estate-rezovery,Rezovery,estate,st_croix,none,research_clean_name_no_candidate,false,RECOVERY HILL,geographic_index,17.73688179370825,-64.69789096304835,weak_similarity
2146,st_thomas-estate-richmond,Richmond,estate,st_thomas,none,research_clean_name_no_candidate,false,FRENCHMAN'S BAY,geographic_index,18.31958030255245,-64.9084111427579,weak_similarity
2149,st_croix-estate-richmond-jail,Richmond Jail,estate,st_croix,review,review_candidate,false,RICHMOND,geographic_index,17.7454392029822,-64.71220412944331,contains_clean_slug
2150,st_john-estate-richmond-prisonland,Richmond Prisonland,estate,st_john,none,research_clean_name_no_candidate,false,Enighed Pond,geographic_index,18.329311500712798,-64.79193196712666,weak_similarity
2154,st_thomas-point-rividre-f3ulse,Rividre f3ulSe,point,st_thomas,none,ocr_or_name_cleanup_first,false,LIVER POOL,geographic_index,18.32988349314345,-64.92381194208124,weak_similarity
2156,st_thomas-estate-road,Road,estate,st_thomas,none,generic_fragment_do_not_coordinate,false,ADELPHI,geographic_index,18.3503525854884,-64.98204334502465,
2157,st_croix-estate-robe-hill,Robe Hill,estate,st_croix,review,review_candidate,false,ROSE HILL,geographic_index,17.7515172839017,-64.85901212227861,similarity_or_token_overlap
2158,st_thomas-estate-robert-hill,Robert Hill,estate,st_thomas,none,research_clean_name_no_candidate,false,Contant Hill,geographic_index,18.34442312704015,-64.95865161016525,weak_similarity
2160,st_croix-bay-robin-bay,Robin Bay,bay,st_croix,none,research_clean_name_no_candidate,false,BODKIN,geographic_index,17.75023931514295,-64.8357929761099,weak_similarity
2161,st_croix-estate-robinson,Robinson,estate,st_croix,none,research_clean_name_no_candidate,false,Estate Hogansborg,historic_sites,17.7091,-64.8463,weak_similarity
2168,st_croix-bay-rod-bay,Rod Bay,bay,st_croix,none,research_clean_name_no_candidate,false,Great Pond Bay,geographic_index,17.72774285576095,-64.6486757604458,weak_similarity
2171,st_thomas-point-rogiers,Rogiers,point,st_thomas,none,research_clean_name_no_candidate,false,Brewers Bay,geographic_index,18.3444,-64.9782,weak_similarity
2174,st_thomas-point-rohrs-minde,Rohr's Minde,point,st_thomas,none,research_clean_name_no_candidate,false,Bordeaux,historic_sites,18.360099,-65.017106,weak_similarity
2175,st_john-bay-roman-hill,Roman Hill,bay,st_john,none,research_clean_name_no_candidate,false,Ram Hill,geographic_index,18.304556,-64.701833,weak_similarity
2180,st_thomas-hill-rosa-hill,Rosa Hill,hill,st_thomas,none,research_clean_name_no_candidate,false,Bethesda Hill,geographic_index,18.3559062831591,-65.00835365155365,weak_similarity
2182,st_thomas-estate-rosendal,Rosendal,estate,st_thomas,review,review_candidate,false,ST JOSEPH & ROSENDAHL,geographic_index,18.35369715902085,-64.91366486842695,contains_clean_slug
2184,st_thomas-estate-rosenzaall,Rosenzaall,estate,st_thomas,none,research_clean_name_no_candidate,false,FRYDENDAL,geographic_index,18.3484265706152,-64.87336686139005,weak_similarity
2190,st_thomas-point-rough-point,Rough Point,point,st_thomas,none,research_clean_name_no_candidate,false,Dog Island,geographic_index,18.2961806253714,-64.8159807710881,weak_similarity
2191,st_john-bay-round-bay,Round Bay,bay,st_john,review,review_candidate,false,FREEMAN'S GROUND,geographic_index,18.3322080432784,-64.7107281424398,contains_clean_slug
2192,st_thomas-historic-round-beef,Round Beef,historic,st_thomas,none,research_clean_name_no_candidate,false,JOHN BREWER'S,geographic_index,18.3453824903421,-64.97656230533175,weak_similarity
2193,st_thomas-bay-round-point,Round Point,bay,st_thomas,review,review_candidate,false,HOSPITAL GROUND,geographic_index,18.34747443082285,-64.92553210361164,contains_clean_slug
2194,st_thomas-estate-routzberg,Routzberg,estate,st_thomas,none,research_clean_name_no_candidate,false,SOLBERG,geographic_index,18.3502071369676,-64.94474322134475,weak_similarity
2196,st_thomas-estate-rouuns,Rouuns,estate,st_thomas,none,research_clean_name_no_candidate,false,Arons Estate,geographic_index,18.35358,-64.96938,weak_similarity
2197,st_thomas-point-rover-point,Rover Point,point,st_thomas,none,research_clean_name_no_candidate,false,Brewers Bay,geographic_index,18.3444,-64.9782,weak_similarity
2198,st_croix-estate-rowans,Rowans,estate,st_croix,none,research_clean_name_no_candidate,false,ST JOHN'S,geographic_index,17.76279682143985,-64.74638254204584,weak_similarity
2202,st_croix-estate-ruan-bay,Ruan Bay,estate,st_croix,none,research_clean_name_no_candidate,false,RUBY,geographic_index,17.73869113141865,-64.75529554587649,weak_similarity
2203,st_croix-bay-ruana-bay,Ruana Bay,bay,st_croix,none,research_clean_name_no_candidate,false,GRANARD,geographic_index,17.71266124912905,-64.71119155794855,weak_similarity
2209,st_john-estate-rueteqberg,Rueteqberg,estate,st_john,none,research_clean_name_no_candidate,false,FORTSBERG,geographic_index,18.344326192465203,-64.70541184392684,weak_similarity
2210,st_john-point-ruhuun-k-a-y,Ruhuun K a y,point,st_john,none,ocr_or_name_cleanup_first,false,Trunk Cay,geographic_index,18.3550296711977,-64.7686847888134,weak_similarity
2213,st_thomas-estate-runel,Runel,estate,st_thomas,none,research_clean_name_no_candidate,false,RAPHUNE,geographic_index,18.33611739862115,-64.90749670274926,weak_similarity
2214,st_thomas-bay-runnel-bay,Runnel Bay,bay,st_thomas,none,research_clean_name_no_candidate,false,Benner Bay,geographic_index,18.330419,-64.859625,weak_similarity
2217,st_croix-estate-rustup-tzoist,Rustup Tzoist,estate,st_croix,none,research_clean_name_no_candidate,false,PROSPERITY EAST,geographic_index,17.761465524614003,-64.82741751426175,weak_similarity
2218,st_thomas-estate-ruth-schusters-plantation,Ruth Schusters plantation,estate,st_thomas,none,research_clean_name_no_candidate,false,QUEENS' QUARTER,geographic_index,18.34330263698985,-64.93360069219719,weak_similarity
2219,st_thomas-bay-ruy-point,Ruy Point,bay,st_thomas,none,research_clean_name_no_candidate,false,Fortuna Bay,geographic_index,18.34910707085145,-65.0142865514324,weak_similarity
2220,water_island-estate-ruyter-bay,Ruyter Bay,estate,water_island,none,research_clean_name_no_candidate,false,Honeymoon Beach,geographic_index,18.3195,-64.9517,weak_similarity
2221,st_croix-estate-ryan,Ryan,estate,st_croix,none,generic_fragment_do_not_coordinate,false,HARTMAN,geographic_index,17.72625551725455,-64.66062192582025,weak_similarity
2223,st_thomas-bay-ryk-point,Ryk Point,bay,st_thomas,none,research_clean_name_no_candidate,false,BUCK ISLAND,geographic_index,18.27684110476125,-64.8922408046305,weak_similarity
2224,st_thomas-point-ryks-duv-dse8-punt,Ryks DUV(dSe8 punt,point,st_thomas,none,ocr_or_name_cleanup_first,false,EASTERN WATER ISLAND / SPRAT BAY,geographic_index,18.32355944219015,-64.94466601043206,weak_similarity
2225,st_croix-historic-rzltherjwd,RzltherJwd,historic,st_croix,none,ocr_or_name_cleanup_first,false,WALDBERGGAARD,geographic_index,17.72065511736185,-64.84334261000215,weak_similarity
2227,st_thomas-estate-s-8-bay,S-8 Bay,estate,st_thomas,none,ocr_or_name_cleanup_first,false,FRENCHMAN'S BAY,geographic_index,18.31958030255245,-64.9084111427579,weak_similarity
2230,st_john-point-sabbat-channel,Sabbat Channel,point,st_john,none,research_clean_name_no_candidate,false,BETHANY,geographic_index,18.32875985137175,-64.78395168634535,weak_similarity
2231,st_thomas-hill-sabbat-hill,Sabbat Hill,hill,st_thomas,none,research_clean_name_no_candidate,false,Elizabeth Hill,geographic_index,18.35136065410805,-64.93523180616941,weak_similarity
2233,st_john-point-sabbat-point,Sabbat Point,point,st_john,none,research_clean_name_no_candidate,false,SABA BAY,geographic_index,18.3477263233184,-64.67235135170526,weak_similarity
2234,st_thomas-point-sable,Sable,point,st_thomas,none,research_clean_name_no_candidate,false,SABA ISLAND,geographic_index,18.305365213967647,-65.0001933420265,weak_similarity
2237,st_croix-estate-saiiit-qebrge-hill,Saiiit Qebrge Hill,estate,st_croix,none,research_clean_name_no_candidate,false,George Hill,geographic_index,17.717219913956598,-64.85465839096796,weak_similarity
2241,st_croix-estate-saint-croix,Saint Croix,estate,st_croix,none,research_clean_name_no_candidate,false,PROFIT,geographic_index,17.71590430053505,-64.78092833993534,weak_similarity
2243,st_thomas-bay-saint-george-hill,Saint George Hill,bay,st_thomas,none,research_clean_name_no_candidate,false,Donoe Hill,geographic_index,18.3360307539689,-64.90137070522624,weak_similarity
2244,st_croix-estate-saint-georges-ilccli,Saint Georges Ilccli,estate,st_croix,review,review_candidate,false,ST GEORGES,geographic_index,17.720338285889298,-64.83058165781915,contains_clean_slug
2247,st_thomas-estate-saint-jnmes-islands,Saint Jnmes Islands,estate,st_thomas,none,research_clean_name_no_candidate,false,AGNES FANCY,geographic_index,18.34920423771985,-64.93569329206,weak_similarity
2249,st_thomas-bay-saint-john-bay,Saint John Bay,bay,st_thomas,none,research_clean_name_no_candidate,false,JOHN BREWER'S,geographic_index,18.3453824903421,-64.97656230533175,weak_similarity
2251,st_thomas-estate-saint-martin,Saint Martin,estate,st_thomas,none,research_clean_name_no_candidate,false,MARIENDAL,geographic_index,18.3287034601041,-64.87492977521575,weak_similarity
2254,st_thomas-estate-salancolt,Salancolt,estate,st_thomas,none,research_clean_name_no_candidate,false,SALT CAY,geographic_index,18.361460176887647,-65.05306615329525,weak_similarity
2255,st_thomas-point-salba-cay,Salba Cay,point,st_thomas,weak,review_candidate,false,SALT CAY,geographic_index,18.361460176887647,-65.05306615329525,weak_similarity
2258,st_croix-estate-salmon-hxl,Salmon HXl,estate,st_croix,none,research_clean_name_no_candidate,false,Altona Hill,geographic_index,17.74747,-64.69236,weak_similarity
2259,st_john-bay-salomon-bay,Salomon Bay,bay,st_john,none,research_clean_name_no_candidate,false,Salt Pond Bay,geographic_index,18.3065,-64.7075,weak_similarity
2260,st_thomas-gut-salomons-plantation,Salomon's plantation,gut,st_thomas,none,research_clean_name_no_candidate,false,Arons Estate,geographic_index,18.35358,-64.96938,weak_similarity
2264,st_croix-archive_record-salt-river-bay-historic-and-archaeological-records,Salt River Bay Historic and Archaeological Records,archive_record,st_croix,review,review_candidate,false,RIVER,geographic_index,17.742532430006,-64.81851339729515,contains_clean_slug
2269,st_thomas-bay-sand-bay,Sand Bay,bay,st_thomas,none,research_clean_name_no_candidate,false,SABA ISLAND,geographic_index,18.305365213967647,-65.0001933420265,weak_similarity
2272,st_thomas-point-sandy-point-rock,Sandy Point Rock,point,st_thomas,none,research_clean_name_no_candidate,false,COCULUS ROCK,geographic_index,18.31372200975455,-64.8648698763188,weak_similarity
2275,st_thomas-bay-santa-maria-gut,Santa Maria Gut,bay,st_thomas,review,review_candidate,false,Santa Maria Bay,geographic_index,18.359333337383298,-64.98905345449211,contains_clean_slug
2276,st_thomas-estate-santa-maria-hill,Santa Maria Hill,estate,st_thomas,review,review_candidate,false,SANTA MARIA,geographic_index,18.359333337383298,-64.98905345449211,contains_clean_slug
2277,st_thomas-estate-santa-maria-ridge,Santa Maria Ridge,estate,st_thomas,review,review_candidate,false,SANTA MARIA,geographic_index,18.359333337383298,-64.98905345449211,contains_clean_slug
2278,st_thomas-estate-santa-maria-trail,Santa Maria Trail,estate,st_thomas,review,review_candidate,false,SANTA MARIA,geographic_index,18.359333337383298,-64.98905345449211,contains_clean_slug
2279,st_thomas-bay-santa-xaria-point,Santa Xaria Point,bay,st_thomas,review,review_candidate,false,Santa Maria Bay,geographic_index,18.359333337383298,-64.98905345449211,similarity_or_token_overlap
2282,st_thomas-bay-sara-hill,Sara Hill,bay,st_thomas,none,research_clean_name_no_candidate,false,Bordeaux Hill,geographic_index,18.356590458506503,-65.01661868979055,weak_similarity
2283,st_croix-estate-sarton-hill,Sarton Hill,estate,st_croix,none,research_clean_name_no_candidate,false,Altona Hill,geographic_index,17.74747,-64.69236,weak_similarity
2286,st_thomas-point-savana-eill,Savana Eill,point,st_thomas,review,ocr_or_name_cleanup_first,false,Savana Island,geographic_index,18.3409417799056,-65.07956596206054,contains_clean_slug
2290,st_croix-estate-savanna,Savanna,estate,st_croix,none,research_clean_name_no_candidate,false,ALTONA,geographic_index,17.747965284366,-64.69015943989746,weak_similarity
2291,st_croix-estate-sboy-point,Sboy Point,estate,st_croix,none,research_clean_name_no_candidate,false,SHOYS,geographic_index,17.756881054978102,-64.68080993897975,weak_similarity
2292,st_thomas-estate-schimmelmann,Schimmelmann,estate,st_thomas,none,research_clean_name_no_candidate,false,HOFFMAN,geographic_index,18.33237718839525,-64.8970447926404,weak_similarity
2293,st_thomas-historic-school-of-fish,School-of-Fish,historic,st_thomas,none,research_clean_name_no_candidate,false,NISKY,geographic_index,18.33151089875325,-64.9576625505323,weak_similarity
2294,st_thomas-historic-schooner-channel,Schooner Channel,historic,st_thomas,none,research_clean_name_no_candidate,false,Benner Hill,geographic_index,18.330419,-64.859625,weak_similarity
2295,st_thomas-point-schorbomanok,Schorbomanok,point,st_thomas,none,research_clean_name_no_candidate,false,HOFFMAN,geographic_index,18.33237718839525,-64.8970447926404,weak_similarity
2296,st_thomas-point-sdadboarcf-shoal,Sdadboarcf Shoal,point,st_thomas,none,research_clean_name_no_candidate,false,Hull Bay,geographic_index,18.3709,-64.9547,weak_similarity
2297,st_thomas-point-se,SE,point,st_thomas,none,generic_fragment_do_not_coordinate,false,Bellevue Hill,geographic_index,18.3265528432309,-64.9212594012035,
2299,st_john-estate-seeven-ridge,Seeven Ridge,estate,st_john,none,research_clean_name_no_candidate,false,STEVEN CAY,geographic_index,18.33000650755955,-64.80740381518945,weak_similarity
2300,st_thomas-estate-seeven-trail,Seeven Trail,estate,st_thomas,none,research_clean_name_no_candidate,false,FRYDENDAL,geographic_index,18.3484265706152,-64.87336686139005,weak_similarity
2303,st_thomas-estate-sempill,Sempill,estate,st_thomas,none,research_clean_name_no_candidate,false,SMITH BAY,geographic_index,18.335278251441,-64.86171891676014,weak_similarity
2304,st_thomas-estate-sessman,Sessman,estate,st_thomas,none,research_clean_name_no_candidate,false,HOFFMAN,geographic_index,18.33237718839525,-64.8970447926404,weak_similarity
2307,st_croix-estate-sevenhills,Sevenhills,estate,st_croix,review,review_candidate,false,SEVEN HILLS,geographic_index,17.7462147534703,-64.6477516565729,similarity_or_token_overlap
2308,st_croix-estate-sflbodker,Sflbodker,estate,st_croix,none,research_clean_name_no_candidate,false,BODKIN,geographic_index,17.75023931514295,-64.8357929761099,weak_similarity
2309,st_thomas-point-shark-islet-or-cay,Shark Islet or Cay,point,st_thomas,none,research_clean_name_no_candidate,false,SALT CAY,geographic_index,18.361460176887647,-65.05306615329525,weak_similarity
2310,st_thomas-point-shelf-point,Shelf Point,point,st_thomas,none,research_clean_name_no_candidate,false,HULL,geographic_index,18.367754652070353,-64.95262479216476,weak_similarity
2311,st_thomas-bay-shipley-battery,Shipley Battery,bay,st_thomas,none,research_clean_name_no_candidate,false,KINGS' QUARTER,geographic_index,18.341951771996698,-64.92744649382395,weak_similarity
2312,st_thomas-island-shipley-battery,Shipley Battery,island,st_thomas,none,research_clean_name_no_candidate,false,KINGS' QUARTER,geographic_index,18.341951771996698,-64.92744649382395,weak_similarity
2313,st_thomas-battery-shipley-battery,Shipley Battery,battery,st_thomas,none,research_clean_name_no_candidate,false,CATHERINEBERG,geographic_index,18.3450964261188,-64.93264931271824,weak_similarity
2314,st_croix-estate-shipley-hill,Shipley Hill,estate,st_croix,none,research_clean_name_no_candidate,false,Annaly Hill,geographic_index,17.75136,-64.85515,weak_similarity
2315,st_thomas-estate-shop,Shop,estate,st_thomas,none,generic_fragment_do_not_coordinate,false,HOPE,geographic_index,18.3626612187422,-65.001633113491,weak_similarity
2317,st_croix-point-shoy-washer-point,Shoy Washer Point,point,st_croix,none,research_clean_name_no_candidate,false,SHOYS,geographic_index,17.756881054978102,-64.68080993897975,weak_similarity
2320,st_john-bay-sibbe-bay,Sibbe Bay,bay,st_john,none,research_clean_name_no_candidate,false,SIEBEN,geographic_index,18.33083556385315,-64.76140560058866,weak_similarity
2326,st_croix-estate-signal-hill,Signal Hill,estate,st_croix,none,research_clean_name_no_candidate,false,SION HILL,geographic_index,17.7413533677827,-64.7466808919266,weak_similarity
2327,st_thomas-battery-signal-hill-battery,Signal Hill Battery,battery,st_thomas,none,research_clean_name_no_candidate,false,Bethesda Hill,geographic_index,18.3559062831591,-65.00835365155365,weak_similarity
2328,st_thomas-hill-signal-hill-trail,Signal Hill Trail,hill,st_thomas,none,research_clean_name_no_candidate,false,Honduras Hill or Gallows Hill,geographic_index,18.3364577625297,-64.94284931506209,weak_similarity
2331,st_thomas-point-skipper-jaeob-rock,Skipper Jaeob Rock,point,st_thomas,none,research_clean_name_no_candidate,false,UPPER JOHN DUNKO,geographic_index,18.3468398283624,-64.9513046384204,weak_similarity
2334,st_thomas-estate-slob,Slob,estate,st_thomas,none,generic_fragment_do_not_coordinate,false,STAABI,geographic_index,18.34908224179825,-64.9388313298573,weak_similarity
2335,st_thomas-estate-slob-bay,Slob Bay,estate,st_thomas,none,research_clean_name_no_candidate,false,STAABI,geographic_index,18.34908224179825,-64.9388313298573,weak_similarity
2336,st_croix-estate-slob-estate,Slob Estate,estate,st_croix,none,research_clean_name_no_candidate,false,BODY SLOB,geographic_index,17.73581643988735,-64.7763236519917,weak_similarity
2340,st_thomas-estate-smiths-field,Smith’s Field,estate,st_thomas,review,review_candidate,false,SMITH BAY,geographic_index,18.335278251441,-64.86171891676014,contains_clean_slug
2341,st_thomas-estate-smithbay,Smithbay,estate,st_thomas,review,review_candidate,false,SMITH BAY,geographic_index,18.335278251441,-64.86171891676014,contains_clean_slug
2342,st_croix-estate-smithfleld,Smithfleld,estate,st_croix,none,ocr_or_name_cleanup_first,false,SPRINGFIELD,geographic_index,17.73250369215545,-64.83460195498935,weak_similarity
2343,st_thomas-point-smiths-punt,Smiths Punt,point,st_thomas,review,ocr_or_name_cleanup_first,false,SMITH BAY,geographic_index,18.335278251441,-64.86171891676014,contains_clean_slug
2344,st_thomas-bay-sndth8-bay-point,Sndth'8 Bay Point,bay,st_thomas,none,ocr_or_name_cleanup_first,false,Smith Bay Road,geographic_index,18.335278251441,-64.86171891676014,weak_similarity
2345,st_thomas-bay-snelfelt-bay,Snelfelt Bay,bay,st_thomas,none,research_clean_name_no_candidate,false,SOLBERG,geographic_index,18.3502071369676,-64.94474322134475,weak_similarity
2346,st_john-estate-sngarmill-hill,Sng'armill Hill,estate,st_john,none,research_clean_name_no_candidate,false,Caneel Hill,geographic_index,18.34305825172645,-64.7874874960091,weak_similarity
2348,st_thomas-estate-snint-george,Snint George,estate,st_thomas,none,research_clean_name_no_candidate,false,WINTBERG,geographic_index,18.3499803674524,-64.90399697526581,weak_similarity
2351,st_croix-estate-soldier-bay,Soldier Bay,estate,st_croix,none,research_clean_name_no_candidate,false,SALT RIVER,geographic_index,17.774191067180702,-64.7642277944249,weak_similarity
2352,st_john-estate-soldier-hill,Soldier Hill,estate,st_john,none,research_clean_name_no_candidate,false,Leinster Hill,geographic_index,18.36092071796525,-64.71843131202445,weak_similarity
2355,st_thomas-estate-solitude-bay,Solitude Bay,estate,st_thomas,none,research_clean_name_no_candidate,false,FORTUNA,geographic_index,18.34910707085145,-65.0142865514324,weak_similarity
2358,st_thomas-estate-sorgenfri-glut,Sorgenfri Glut,estate,st_thomas,none,research_clean_name_no_candidate,false,SORGENFRI EASTERN PORTION,geographic_index,18.367491600136248,-64.98491852585181,weak_similarity
2359,st_thomas-hill-sorgenfri-hill,Sorgenfri Hill,hill,st_thomas,none,research_clean_name_no_candidate,false,Bethesda Hill,geographic_index,18.3559062831591,-65.00835365155365,weak_similarity
2360,st_thomas-point-sorgenfri-ridge,Sorgenfri Ridge,point,st_thomas,none,research_clean_name_no_candidate,false,SORGENFRI EASTERN PORTION,geographic_index,18.367491600136248,-64.98491852585181,weak_similarity
2366,st_croix-estate-south-bay,South Bay,estate,st_croix,review,review_candidate,false,BONNE ESPERANCE (SOUTH),geographic_index,17.74356362461915,-64.7692203635706,contains_clean_slug
2369,st_thomas-estate-southgate-farm,Southgate Farm,estate,st_thomas,none,research_clean_name_no_candidate,false,CONTANT 7A,geographic_index,18.34442312704015,-64.95865161016525,weak_similarity
2372,st_croix-estate-southgate-plain,Southgate Plain,estate,st_croix,none,research_clean_name_no_candidate,false,SOUTHGATE FARM,geographic_index,17.75329505651455,-64.66309280141385,weak_similarity
2374,st_thomas-point-southside,Southside,point,st_thomas,none,research_clean_name_no_candidate,false,BETHESDA,geographic_index,18.3559062831591,-65.00835365155365,weak_similarity
2375,st_thomas-point-southside-k-a-b,Southside k a b,point,st_thomas,none,ocr_or_name_cleanup_first,false,Sapphire Beach,geographic_index,18.3348,-64.8493,weak_similarity
2377,st_croix-point-southside-road,Southside Road,point,st_croix,weak,review_candidate,false,NORTHSIDE,geographic_index,17.75974688135625,-64.8840756495307,weak_similarity
2379,st_croix-point-southwest-anchorage,Southwest Anchorage,point,st_croix,none,research_clean_name_no_candidate,false,SOUTH GRAPETREE BAY,geographic_index,17.748278731624097,-64.59115064473225,weak_similarity
2380,st_thomas-estate-southwest-point,Southwest Point,estate,st_thomas,none,research_clean_name_no_candidate,false,ALTONA & WELGUNST,geographic_index,18.3412699576036,-64.94410778172886,weak_similarity
2381,st_croix-point-southwest-shoal,Southwest Shoal,point,st_croix,none,research_clean_name_no_candidate,false,SOUTH SLOB,geographic_index,17.7480671806761,-64.6006142929933,weak_similarity
2382,st_croix-point-sozo,SoZO,point,st_croix,none,generic_fragment_do_not_coordinate,false,SHOYS,geographic_index,17.756881054978102,-64.68080993897975,weak_similarity
2385,st_john-estate-spanishtown,Spanishtown,estate,st_john,none,research_clean_name_no_candidate,false,PASTORY,geographic_index,18.3333478812037,-64.78450558337934,weak_similarity
2386,st_croix-estate-sprat,Sprat,estate,st_croix,review,review_candidate,false,SPRATT HALL,geographic_index,17.74306767792325,-64.88348586636539,contains_clean_slug
2387,water_island-bay-sprat-bay,Sprat Bay,bay,water_island,none,research_clean_name_no_candidate,false,Honeymoon Beach,geographic_index,18.3195,-64.9517,weak_similarity
2388,st_croix-point-sprat-hole,Sprat Hole,point,st_croix,none,research_clean_name_no_candidate,false,SPRATT HALL,geographic_index,17.74306767792325,-64.88348586636539,weak_similarity
2389,water_island-estate-sprat-point,Sprat Point,estate,water_island,none,research_clean_name_no_candidate,false,Honeymoon Beach,geographic_index,18.3195,-64.9517,weak_similarity
2391,st_croix-bay-spring-bay,Spring Bay,bay,st_croix,review,review_candidate,false,SPRING GARDEN,geographic_index,17.7618197701666,-64.86168761714396,contains_clean_slug
2393,st_thomas-bay-spring-gut,Spring Gut,bay,st_thomas,none,research_clean_name_no_candidate,false,Caretbay Gut,geographic_index,18.36457293689035,-64.97608543520525,weak_similarity
2395,st_thomas-bay-spring-point,Spring Point,bay,st_thomas,none,research_clean_name_no_candidate,false,Smith Bay Road,geographic_index,18.335278251441,-64.86171891676014,weak_similarity
2397,st_croix-estate-springfleld,Springfleld,estate,st_croix,review,ocr_or_name_cleanup_first,false,SPRINGFIELD,geographic_index,17.73250369215545,-64.83460195498935,similarity_or_token_overlap
2398,st_thomas-estate-springgarden,Springgarden,estate,st_thomas,none,research_clean_name_no_candidate,false,Emancipation Garden,geographic_index,18.3412,-64.9316,weak_similarity
2399,st_thomas-estate-springgarden-gut,Springgarden Gut,estate,st_thomas,none,research_clean_name_no_candidate,false,Caretbay Gut,geographic_index,18.36457293689035,-64.97608543520525,weak_similarity
2400,st_thomas-estate-springgut,Springgut,estate,st_thomas,none,research_clean_name_no_candidate,false,Caretbay Gut,geographic_index,18.36457293689035,-64.97608543520525,weak_similarity
2401,st_thomas-estate-springgut-notch,Springgut Notch,estate,st_thomas,none,ocr_or_name_cleanup_first,false,MISGUNST,geographic_index,18.35687840900315,-64.9333822333455,weak_similarity
2402,st_thomas-estate-springs,Springs,estate,st_thomas,none,research_clean_name_no_candidate,false,Arons Estate,geographic_index,18.35358,-64.96938,weak_similarity
2405,st_croix-estate-st,St,estate,st_croix,none,generic_fragment_do_not_coordinate,false,A PIECE OF LAND EAST,geographic_index,17.755309796812,-64.5703082254501,
2406,st_croix-historic-st,St,historic,st_croix,none,generic_fragment_do_not_coordinate,false,,,,,
2409,st_thomas-point-st,St,point,st_thomas,none,generic_fragment_do_not_coordinate,false,Bellevue Hill,geographic_index,18.3265528432309,-64.9212594012035,
2421,st_thomas-bay-stalley-bay,Stalley Bay,bay,st_thomas,none,research_clean_name_no_candidate,false,STAABI,geographic_index,18.34908224179825,-64.9388313298573,weak_similarity
2422,st_thomas-island-stepmar-cay,Stepmar Cay,island,st_thomas,none,research_clean_name_no_candidate,false,DUTCHMAN CAP,geographic_index,18.37996707126645,-65.0617794059329,weak_similarity
2425,st_croix-estate-stewart-bay,Stewart Bay,estate,st_croix,review,review_candidate,false,MOUNT STEWART,geographic_index,17.747914595970848,-64.84303041392059,contains_clean_slug
2426,st_croix-estate-stioha,Stioha,estate,st_croix,none,research_clean_name_no_candidate,false,SIGHT,geographic_index,17.73987143959825,-64.6613933440346,weak_similarity
2429,st_thomas-bay-stony-bay,Stony Bay,bay,st_thomas,none,research_clean_name_no_candidate,false,Botany Bay,geographic_index,18.35401195896805,-65.03347371262775,weak_similarity
2430,st_john-estate-stonyground,Stonyground,estate,st_john,none,research_clean_name_no_candidate,false,FREEMAN'S GROUND,geographic_index,18.3322080432784,-64.7107281424398,weak_similarity
2431,st_croix-estate-store-princeas,Store Princeas,estate,st_croix,none,research_clean_name_no_candidate,false,Little Princeasa,geographic_index,17.753763,-64.726016,weak_similarity
2435,st_thomas-estate-stragglers,Stragglers,estate,st_thomas,none,ocr_or_name_cleanup_first,false,Brewers Bay,geographic_index,18.3444,-64.9782,weak_similarity
2436,st_croix-estate-strawberry,Strawberry,estate,st_croix,review,ocr_or_name_cleanup_first,false,STRAWBERRY HILL,geographic_index,17.7328185877428,-64.75815600746235,contains_clean_slug
2439,st_thomas-bay-stumpka-bay,Stumpka Bay,bay,st_thomas,none,research_clean_name_no_candidate,false,Santa Maria Bay,geographic_index,18.359333337383298,-64.98905345449211,weak_similarity
2440,st_thomas-bay-stumpy-bay,Stumpy Bay,bay,st_thomas,none,research_clean_name_no_candidate,false,SALT CAY,geographic_index,18.361460176887647,-65.05306615329525,weak_similarity
2441,st_thomas-bay-stumpy-point,Stumpy Point,bay,st_thomas,none,research_clean_name_no_candidate,false,SALT CAY,geographic_index,18.361460176887647,-65.05306615329525,weak_similarity
2443,st_thomas-point-suckerbush,Suckerbush,point,st_thomas,none,research_clean_name_no_candidate,false,OUTER BRASS ISLAND,geographic_index,18.396771896594352,-64.97125115098954,weak_similarity
2445,st_thomas-estate-sugar-bay,Sugar Bay,estate,st_thomas,review,review_candidate,false,THOMAS - SUGAR ESTATE,geographic_index,18.33908620282785,-64.91779047822504,contains_clean_slug
2447,st_thomas-hill-sugarloaf-hill,Sugarloaf Hill,hill,st_thomas,none,research_clean_name_no_candidate,false,Bethesda Hill,geographic_index,18.3559062831591,-65.00835365155365,weak_similarity
2448,st_croix-estate-sugarloaf-peak,Sugarloaf Peak,estate,st_croix,none,research_clean_name_no_candidate,false,GOLDEN ROCK,geographic_index,17.750492234111952,-64.72131271062725,weak_similarity
2449,st_thomas-bay-sugas-bay,Sugas Bay,bay,st_thomas,none,research_clean_name_no_candidate,false,SABA ISLAND,geographic_index,18.305365213967647,-65.0001933420265,weak_similarity
2450,st_thomas-estate-suhnn,Suhnn,estate,st_thomas,none,research_clean_name_no_candidate,false,SAVANA ISLAND,geographic_index,18.3409417799056,-65.07956596206054,weak_similarity
2452,st_thomas-island-sula-cay,Sula Cay,island,st_thomas,none,research_clean_name_no_candidate,false,SALT CAY,geographic_index,18.361460176887647,-65.05306615329525,weak_similarity
2453,st_thomas-bay-sunsi-bay,Sunsi Bay,bay,st_thomas,none,research_clean_name_no_candidate,false,MISGUNST,geographic_index,18.35687840900315,-64.9333822333455,weak_similarity
2454,st_thomas-bay-sunsi-point,Sunsi Point,bay,st_thomas,none,research_clean_name_no_candidate,false,MISGUNST,geographic_index,18.35687840900315,-64.9333822333455,weak_similarity
2456,st_thomas-bay-surlaine-point,Surlaine Point,bay,st_thomas,none,research_clean_name_no_candidate,false,Savana Island,geographic_index,18.3409417799056,-65.07956596206054,weak_similarity
2457,st_john-estate-susannabarg,Susannabarg,estate,st_john,review,review_candidate,false,Anna Point,geographic_index,18.371289,-64.733869,contains_clean_slug
2460,st_thomas-estate-suttpcslane-bdy,Suttpcslane Bdy,estate,st_thomas,none,ocr_or_name_cleanup_first,false,DUTCHMAN CAP,geographic_index,18.37996707126645,-65.0617794059329,weak_similarity
2461,st_thomas-island-suvalca-island-passage,Suvalca Island Passage,island,st_thomas,none,research_clean_name_no_candidate,false,SANTA MARIA,geographic_index,18.359333337383298,-64.98905345449211,weak_similarity
2464,st_thomas-estate-sweetbottom-estate,Sweetbottom Estate,estate,st_thomas,none,research_clean_name_no_candidate,false,Skytsborg Tower,geographic_index,18.3445,-64.9302,weak_similarity
2465,st_croix-point-sydvest-pvnt,Sydvest Pvnt,point,st_croix,none,ocr_or_name_cleanup_first,false,CONTENTMENT,geographic_index,17.7380551734812,-64.71023866116394,weak_similarity
2466,st_thomas-point-tumel-point,T'umel Point,point,st_thomas,none,research_clean_name_no_candidate,false,Great Saint James,geographic_index,18.3105321364764,-64.8291316641308,weak_similarity
2470,st_thomas-estate-tabor-and-harryvilld,Tabor and Harryvilld,estate,st_thomas,none,research_clean_name_no_candidate,false,TABOR & HARMONY,geographic_index,18.349611595744598,-64.88284998096904,weak_similarity
2471,st_croix-bay-tague-bay,Tague Bay,bay,st_croix,weak,review_candidate,false,TEAGUE BAY,geographic_index,17.75301681301925,-64.61045350304195,weak_similarity
2472,st_thomas-estate-tague-point,Tague Point,estate,st_thomas,none,research_clean_name_no_candidate,false,RAPHUNE,geographic_index,18.33611739862115,-64.90749670274926,weak_similarity
2473,st_croix-bay-takes-bay,Takes Bay,bay,st_croix,none,research_clean_name_no_candidate,false,COAKLEY BAY,geographic_index,17.75255735316205,-64.642238675789,weak_similarity
2475,st_thomas-gut-tamarindtree-gut,Tamarindtree Gut,gut,st_thomas,none,research_clean_name_no_candidate,false,Caretbay Gut,geographic_index,18.36457293689035,-64.97608543520525,weak_similarity
2480,st_thomas-point-target-rock,Target Rock,point,st_thomas,none,research_clean_name_no_candidate,false,COCULUS ROCK,geographic_index,18.31372200975455,-64.8648698763188,weak_similarity
2482,st_thomas-island-tatoh-key,Tatoh Key,island,st_thomas,none,research_clean_name_no_candidate,false,Thatch Cay,geographic_index,18.3592767020762,-64.86191857744305,weak_similarity
2483,st_thomas-estate-tazzard-bay,TaZZard Bay,estate,st_thomas,none,ocr_or_name_cleanup_first,false,NAZARETH,geographic_index,18.32057236303325,-64.8471117829859,weak_similarity
2484,st_thomas-island-tbatah-cay,Tbatah Cay,island,st_thomas,weak,review_candidate,false,Thatch Cay,geographic_index,18.3592767020762,-64.86191857744305,weak_similarity
2487,st_thomas-bay-teasue-bay,Teasue Bay,bay,st_thomas,none,research_clean_name_no_candidate,false,BELLEVUE,geographic_index,18.3265528432309,-64.9212594012035,weak_similarity
2488,st_croix-estate-teparara,Teparara,estate,st_croix,none,research_clean_name_no_candidate,false,TIPPERARY,geographic_index,17.74425251229635,-64.65475143041975,weak_similarity
2489,st_thomas-point-ternem,Ternem,point,st_thomas,none,research_clean_name_no_candidate,false,Benner Bay,geographic_index,18.330419,-64.859625,weak_similarity
2490,st_croix-point-teste-de-hfoine,Teste de hfoine,point,st_croix,none,research_clean_name_no_candidate,false,Betty’s Hope Estate,geographic_index,17.69531579785525,-64.816510915274,weak_similarity
2491,st_croix-estate-testman,Testman,estate,st_croix,none,research_clean_name_no_candidate,false,HARTMAN,geographic_index,17.72625551725455,-64.66062192582025,weak_similarity
2498,st_thomas-estate-thatch-hill,Thatch Hill,estate,st_thomas,review,ocr_or_name_cleanup_first,false,Thatch Cay,geographic_index,18.3592767020762,-64.86191857744305,contains_clean_slug
2499,st_john-island-thatch-island-and-st,Thatch Island and St,island,st_john,none,research_clean_name_no_candidate,false,BETHANY,geographic_index,18.32875985137175,-64.78395168634535,weak_similarity
2502,st_croix-estate-the-grange,The Grange,estate,st_croix,review,review_candidate,false,GRANGE (North),geographic_index,17.7313643710483,-64.72092022272085,contains_clean_slug
2505,st_croix-estate-the-mountais,The Mountais,estate,st_croix,review,review_candidate,false,MOUNTAIN,geographic_index,17.71409151355645,-64.835947393362,similarity_or_token_overlap
2508,st_thomas-estate-the-souand,The Sou&,estate,st_thomas,none,ocr_or_name_cleanup_first,false,BOTANY BAY,geographic_index,18.35401195896805,-65.03347371262775,weak_similarity
2510,st_croix-estate-the-w4lliarn,The W4lliarn,estate,st_croix,none,ocr_or_name_cleanup_first,false,WILLIAM,geographic_index,17.7361947584054,-64.88053609237156,weak_similarity
2511,st_croix-estate-the-wiwam-d-a-h,The WiWam D a h,estate,st_croix,none,ocr_or_name_cleanup_first,false,WILLIAMS DELIGHT,geographic_index,17.69714136940255,-64.8364797961963,weak_similarity
2512,st_john-point-thnadnrcdle-point,Thnadnrcdle Point,point,st_john,none,research_clean_name_no_candidate,false,Chocolate Hole,geographic_index,18.318586,-64.784307,weak_similarity
2513,st_thomas-bay-thoma8-runs-bay,Thoma8 Runs Bay,bay,st_thomas,none,ocr_or_name_cleanup_first,false,THOMAS - LONG BAY,geographic_index,18.3372628064215,-64.91976801040366,weak_similarity
2514,st_thomas-estate-thomaa,Thomaa,estate,st_thomas,weak,review_candidate,false,THOMAS,geographic_index,18.33875237679775,-64.91696678686151,weak_similarity
2522,st_thomas-bay-thomas-harbor,Thomas Harbor,bay,st_thomas,review,review_candidate,false,THOMAS,geographic_index,18.33875237679775,-64.91696678686151,contains_clean_slug
2523,st_croix-estate-thomas-hill,Thomas Hill,estate,st_croix,review,review_candidate,false,THOMAS,geographic_index,17.74401997439135,-64.73823225721745,contains_clean_slug
2525,st_croix-hill-thompson-hill,Thompson Hill,hill,st_croix,none,research_clean_name_no_candidate,false,Hermon Hill,geographic_index,17.73418300782975,-64.71072853406909,weak_similarity
2528,st_thomas-estate-thumberg,Thumberg,estate,st_thomas,none,research_clean_name_no_candidate,false,SOLBERG,geographic_index,18.3502071369676,-64.94474322134475,weak_similarity
2531,st_croix-estate-tide-hint,Tide Hint,estate,st_croix,none,research_clean_name_no_candidate,false,ROSE HILL,geographic_index,17.7515172839017,-64.85901212227861,weak_similarity
2533,st_thomas-estate-tiwwara,Tiwwara,estate,st_thomas,none,research_clean_name_no_candidate,false,DEMARARA,geographic_index,18.3389130819727,-64.94160955785715,weak_similarity
2539,st_thomas-estate-toorenhero,Toorenhero,estate,st_thomas,none,research_clean_name_no_candidate,false,Benner Bay,geographic_index,18.330419,-64.859625,weak_similarity
2540,st_thomas-island-touch-key,Touch Key,island,st_thomas,none,research_clean_name_no_candidate,false,Thatch Cay,geographic_index,18.3592767020762,-64.86191857744305,weak_similarity
2542,st_croix-estate-towers,Towers,estate,st_croix,none,research_clean_name_no_candidate,false,COOPERS,geographic_index,17.6951962167965,-64.8094797486572,weak_similarity
2546,st_thomas-point-triangle-rocks,Triangle Rocks,point,st_thomas,none,research_clean_name_no_candidate,false,COCULUS ROCK,geographic_index,18.31372200975455,-64.8648698763188,weak_similarity
2547,st_thomas-estate-tropaco,Tropaco,estate,st_thomas,none,research_clean_name_no_candidate,false,THOMAS,geographic_index,18.33875237679775,-64.91696678686151,weak_similarity
2548,st_thomas-bay-tropaco-point,Tropaco Point,bay,st_thomas,none,research_clean_name_no_candidate,false,THOMAS,geographic_index,18.33875237679775,-64.91696678686151,weak_similarity
2555,st_croix-bay-tsaguss-bay,Tsaguss Bay,bay,st_croix,none,research_clean_name_no_candidate,false,TEAGUE BAY,geographic_index,17.75301681301925,-64.61045350304195,weak_similarity
2556,st_thomas-bay-tuand-bay,Tu& Bay,bay,st_thomas,none,ocr_or_name_cleanup_first,false,Botany Bay,geographic_index,18.35401195896805,-65.03347371262775,weak_similarity
2557,st_thomas-island-turkey-cay,Turkey Cay,island,st_thomas,none,research_clean_name_no_candidate,false,GREEN CAY,geographic_index,18.30961532150965,-64.9080402474628,weak_similarity
2558,st_john-estate-turnbull,Turnbull,estate,st_john,none,research_clean_name_no_candidate,false,TURNER POINT,geographic_index,18.3420162496453,-64.69090698795429,weak_similarity
2564,st_thomas-estate-turret-bay,Turret Bay,estate,st_thomas,none,research_clean_name_no_candidate,false,CARET BAY,geographic_index,18.36457293689035,-64.97608543520525,weak_similarity
2565,st_thomas-bay-turret-point,Turret Point,bay,st_thomas,none,research_clean_name_no_candidate,false,Caret Point,geographic_index,18.36457293689035,-64.97608543520525,weak_similarity
2566,st_thomas-island-turtle-40ve-cay,Turtle 40ve Cay,island,st_thomas,weak,ocr_or_name_cleanup_first,false,TURTLE DOVE CAY,geographic_index,18.3086275618696,-65.0003906549153,similarity_or_token_overlap
2569,st_thomas-island-turtledove-cay,Turtledove Cay,island,st_thomas,review,review_candidate,false,TURTLE DOVE CAY,geographic_index,18.3086275618696,-65.0003906549153,similarity_or_token_overlap
2570,st_thomas-estate-turtledove-key,Turtledove Key,estate,st_thomas,weak,review_candidate,false,TURTLE DOVE CAY,geographic_index,18.3086275618696,-65.0003906549153,weak_similarity
2571,st_thomas-estate-tutu,Tutu,estate,st_thomas,none,generic_fragment_do_not_coordinate,false,Thatch Cay,geographic_index,18.3592767020762,-64.86191857744305,weak_similarity
2572,st_thomas-estate-tutu-bay,Tutu Bay,estate,st_thomas,none,research_clean_name_no_candidate,false,Thatch Cay,geographic_index,18.3592767020762,-64.86191857744305,weak_similarity
2573,st_thomas-estate-tutu-road,Tutu Road,estate,st_thomas,none,research_clean_name_no_candidate,false,Thatch Cay,geographic_index,18.3592767020762,-64.86191857744305,weak_similarity
2575,st_croix-estate-two-brothers,Two Brothers,estate,st_croix,review,review_candidate,false,TWO BROTHERS / SMITHFIELD / HESSELBERG,geographic_index,17.70046990000005,-64.88458695770751,contains_clean_slug
2579,st_croix-estate-two-friends-hill,Two-Friends Hill,estate,st_croix,review,review_candidate,false,TWO FRIENDS,geographic_index,17.740684267348,-64.8376442242562,contains_clean_slug
2582,st_thomas-point-uyttmdaz,U'yttmdaz,point,st_thomas,none,research_clean_name_no_candidate,false,FRYDENDAL,geographic_index,18.3484265706152,-64.87336686139005,weak_similarity
2587,st_thomas-estate-uhrbay,Uhrbay,estate,st_thomas,none,research_clean_name_no_candidate,false,Caretbay,geographic_index,18.364573,-64.976085,weak_similarity
2589,st_thomas-estate-uitendal,Uitendal,estate,st_thomas,none,research_clean_name_no_candidate,false,FRYDENDAL,geographic_index,18.3484265706152,-64.87336686139005,weak_similarity
2590,st_john-estate-ulilloee-ililu,Ulil'loee Ililu,estate,st_john,none,research_clean_name_no_candidate,false,Caneel Hill,geographic_index,18.34305825172645,-64.7874874960091,weak_similarity
2592,st_john-point-uoatsmams-klip,Uoatsmams Klip,point,st_john,none,research_clean_name_no_candidate,false,RATA CAY,geographic_index,18.355968979736453,-64.79682105974845,weak_similarity
2595,st_thomas-bay-uovonis-bay,Uovonis Bay,bay,st_thomas,none,research_clean_name_no_candidate,false,Bovoni Bay,geographic_index,18.3156803213225,-64.8845745482555,weak_similarity
2596,st_thomas-estate-upper-bethlehem,Upper Bethlehem,estate,st_thomas,none,research_clean_name_no_candidate,false,UPPER JOHN DUNKO,geographic_index,18.3468398283624,-64.9513046384204,weak_similarity
2598,st_thomas-estate-upper-l-o-n,Upper L o n,estate,st_thomas,none,ocr_or_name_cleanup_first,false,UPPER JOHN DUNKO,geographic_index,18.3468398283624,-64.9513046384204,weak_similarity
2604,st_croix-point-urtrs-illnt,Urtrs I'llnt,point,st_croix,none,ocr_or_name_cleanup_first,false,BURNS HILL,geographic_index,17.758095386224348,-64.8751651290253,weak_similarity
2605,st_thomas-point-usher-cay,Usher Cay,point,st_thomas,none,research_clean_name_no_candidate,false,GREEN CAY,geographic_index,18.30961532150965,-64.9080402474628,weak_similarity
2608,st_thomas-point-uujo-de-la-punta,Uujo de la Punta,point,st_thomas,none,research_clean_name_no_candidate,false,BORDEAUX,geographic_index,18.356590458506503,-65.01661868979055,weak_similarity
2612,st_thomas-point-vagdhue-pgnt,Vagdhue Pgnt,point,st_thomas,none,research_clean_name_no_candidate,false,ADELPHI,geographic_index,18.3503525854884,-64.98204334502465,weak_similarity
2613,st_thomas-point-vaght-hans-point,Vaght Hans Point,point,st_thomas,none,research_clean_name_no_candidate,false,Magens Bay,geographic_index,18.3626,-64.9307,weak_similarity
2614,st_croix-point-vagthus-point,Vagthus Point,point,st_croix,none,research_clean_name_no_candidate,false,NORTH SLOB,geographic_index,17.753093424189153,-64.60252216053621,weak_similarity
2615,st_croix-estate-valley,Valley,estate,st_croix,review,review_candidate,false,CANE VALLEY,geographic_index,17.71909500710795,-64.84903999375955,contains_clean_slug
2617,st_thomas-point-vandfytdings-btedet,Vandfytdings-Btedet,point,st_thomas,none,research_clean_name_no_candidate,false,Government House,geographic_index,18.3418,-64.9313,weak_similarity
2618,st_thomas-bay-veaeup-bay,Veaeup Bay,bay,st_thomas,none,research_clean_name_no_candidate,false,BELLEVUE,geographic_index,18.3265528432309,-64.9212594012035,weak_similarity
2621,st_thomas-estate-velgunst,Velgunst,estate,st_thomas,none,research_clean_name_no_candidate,false,MISGUNST,geographic_index,18.35687840900315,-64.9333822333455,weak_similarity
2624,st_thomas-point-vestende-pente,Vestende-Pente,point,st_thomas,none,research_clean_name_no_candidate,false,EASTERN WATER ISLAND / SPRAT BAY,geographic_index,18.32355944219015,-64.94466601043206,weak_similarity
2628,st_thomas-point-virgin-point,Virgin Point,point,st_thomas,none,research_clean_name_no_candidate,false,MISGUNST,geographic_index,18.35687840900315,-64.9333822333455,weak_similarity
2630,st_thomas-estate-vitendal,Vitendal,estate,st_thomas,none,research_clean_name_no_candidate,false,FRYDENDAL,geographic_index,18.3484265706152,-64.87336686139005,weak_similarity
2631,st_croix-estate-vitendals,Vitendals,estate,st_croix,none,research_clean_name_no_candidate,false,Allendale Estate,geographic_index,17.7296110384528,-64.84043440311095,weak_similarity
2633,st_thomas-point-vluck-point,Vluck Point,point,st_thomas,none,research_clean_name_no_candidate,false,BUCK ISLAND,geographic_index,18.27684110476125,-64.8922408046305,weak_similarity
2634,st_thomas-point-vlucka-point,Vlucka Point,point,st_thomas,none,research_clean_name_no_candidate,false,BUCK ISLAND,geographic_index,18.27684110476125,-64.8922408046305,weak_similarity
2637,st_thomas-estate-volkert,Volkert,estate,st_thomas,none,research_clean_name_no_candidate,false,SOLBERG,geographic_index,18.3502071369676,-64.94474322134475,weak_similarity
2638,st_thomas-estate-vughl,Vughl,estate,st_thomas,none,research_clean_name_no_candidate,false,HULL,geographic_index,18.367754652070353,-64.95262479216476,weak_similarity
2639,st_thomas-point-vugthuue-pytat,Vugthuue Pytat,point,st_thomas,none,research_clean_name_no_candidate,false,BETHESDA,geographic_index,18.3559062831591,-65.00835365155365,weak_similarity
2640,st_thomas-point-vvndpunt,Vvndpunt,point,st_thomas,none,ocr_or_name_cleanup_first,false,Contant,geographic_index,18.34442312704015,-64.95865161016525,weak_similarity
2641,st_croix-point-wachthaue-punt,Wachthaue Punt,point,st_croix,none,research_clean_name_no_candidate,false,Annaly Gut,geographic_index,17.758595,-64.852715,weak_similarity
2642,st_croix-point-wachthuus-pynt,Wachthuus Pynt,point,st_croix,none,research_clean_name_no_candidate,false,CLAIRMONT,geographic_index,17.773535739848,-64.7779237775738,weak_similarity
2643,st_croix-bay-wade-point,Wade Point,bay,st_croix,none,research_clean_name_no_candidate,false,CANE,geographic_index,17.702682157254202,-64.84359059453385,weak_similarity
2644,st_croix-point-waiter8-point,Waiter'8 Point,point,st_croix,none,ocr_or_name_cleanup_first,false,WHITES BAY (East),geographic_index,17.686901929189702,-64.87381669603064,weak_similarity
2645,st_croix-estate-walberggaard,Walberggaard,estate,st_croix,review,review_candidate,false,WALDBERGGAARD,geographic_index,17.72065511736185,-64.84334261000215,similarity_or_token_overlap
2646,st_croix-estate-waldberb-guard,Waldberb Guard,estate,st_croix,weak,review_candidate,false,WALDBERGGAARD,geographic_index,17.72065511736185,-64.84334261000215,weak_similarity
2648,st_thomas-bay-wan0-point,Wan0 Point,bay,st_thomas,none,ocr_or_name_cleanup_first,false,Botany Bay,geographic_index,18.35401195896805,-65.03347371262775,weak_similarity
2651,st_thomas-estate-watberg-gaard,Watberg Gaard,estate,st_thomas,none,research_clean_name_no_candidate,false,CATHERINEBERG,geographic_index,18.3450964261188,-64.93264931271824,weak_similarity
2652,st_croix-point-watchhouee-point,Watchhouee Point,point,st_croix,none,research_clean_name_no_candidate,false,WHITES BAY (South),geographic_index,17.68953537761275,-64.88339692489569,weak_similarity
2654,st_thomas-historic-water-battery,Water Battery,historic,st_thomas,none,research_clean_name_no_candidate,false,Caretbay,geographic_index,18.364573,-64.976085,weak_similarity
2655,st_thomas-estate-water-bay,Water Bay,estate,st_thomas,none,research_clean_name_no_candidate,false,St. PETER,geographic_index,18.3636778385126,-64.94634233178459,weak_similarity
2657,st_thomas-point-water-island-anchorage,Water Island Anchorage,point,st_thomas,none,research_clean_name_no_candidate,false,Magens Bay,geographic_index,18.3626,-64.9307,weak_similarity
2660,st_thomas-estate-water-qmuc2,Water Qmuc2,estate,st_thomas,none,ocr_or_name_cleanup_first,false,EASTERN WATER ISLAND / SPRAT BAY,geographic_index,18.32355944219015,-64.94466601043206,weak_similarity
2662,st_john-point-watercreek-point,Watercreek Point,point,st_john,none,research_clean_name_no_candidate,false,Catherineberg,geographic_index,18.3474,-64.7479,weak_similarity
2664,st_croix-estate-waterground,Waterground,estate,st_croix,none,research_clean_name_no_candidate,false,WALDBERGGAARD,geographic_index,17.72065511736185,-64.84334261000215,weak_similarity
2665,st_john-estate-waterlamon-cay,Waterlamon Cay,estate,st_john,none,research_clean_name_no_candidate,false,CINNAMON CAY,geographic_index,18.356393692045,-64.75644601064465,weak_similarity
2667,st_john-bay-waterlemon-bay,Waterlemon Bay,bay,st_john,none,research_clean_name_no_candidate,false,Caneelborn,geographic_index,18.34305825172645,-64.7874874960091,weak_similarity
2668,st_thomas-bay-waterlemon-cay,Waterlemon Cay,bay,st_thomas,none,research_clean_name_no_candidate,false,GREEN CAY,geographic_index,18.30961532150965,-64.9080402474628,weak_similarity
2669,st_thomas-bay-waterpeaata-bay,WaterpEaata Bay,bay,st_thomas,none,ocr_or_name_cleanup_first,false,CATHERINEBERG,geographic_index,18.3450964261188,-64.93264931271824,weak_similarity
2670,st_john-bay-waterweek-bay,Waterweek Bay,bay,st_john,none,research_clean_name_no_candidate,false,Catherineberg,geographic_index,18.3474,-64.7479,weak_similarity
2671,st_thomas-bay-watsr-limon-bay,Watsr Limon Bay,bay,st_thomas,none,research_clean_name_no_candidate,false,TABOR & HARMONY,geographic_index,18.349611595744598,-64.88284998096904,weak_similarity
2672,st_thomas-island-watwmelon-cay,Watwmelon Cay,island,st_thomas,none,research_clean_name_no_candidate,false,LITTLE FLAT CAY,geographic_index,18.3176615035053,-64.9888146529801,weak_similarity
2676,st_croix-estate-weal-end,Weal End,estate,st_croix,none,research_clean_name_no_candidate,false,Sandy Point,geographic_index,17.6819,-64.8997,weak_similarity
2679,st_thomas-point-weetend-point,Weetend Point,point,st_thomas,none,research_clean_name_no_candidate,false,Lerken Bay,geographic_index,18.35975098547915,-64.94000561367716,weak_similarity
2680,st_croix-estate-wegroe-bay,Wegroe Bay,estate,st_croix,none,research_clean_name_no_candidate,false,NEGRO BAY,geographic_index,17.6978977833209,-64.79979690740001,weak_similarity
2682,st_croix-bay-wells-bay,Wells Bay,bay,st_croix,weak,review_candidate,false,WILL'S BAY,geographic_index,17.75828851965295,-64.8438565677093,weak_similarity
2684,st_thomas-point-werrtmcde,Werrtmcde,point,st_thomas,none,research_clean_name_no_candidate,false,West Cay,geographic_index,18.35872531090545,-65.0462665723619,weak_similarity
2685,st_thomas-bay-wert-eade-bay,Wert Eade Bay,bay,st_thomas,none,research_clean_name_no_candidate,false,West Cay,geographic_index,18.35872531090545,-65.0462665723619,weak_similarity
2690,st_thomas-point-west-hoek,West Hoek,point,st_thomas,none,research_clean_name_no_candidate,false,West Cay,geographic_index,18.35872531090545,-65.0462665723619,weak_similarity
2693,st_thomas-point-west-pohct,West Pohct,point,st_thomas,none,research_clean_name_no_candidate,false,West Cay,geographic_index,18.35872531090545,-65.0462665723619,weak_similarity
2694,st_thomas-point-west-point,West Point,point,st_thomas,none,research_clean_name_no_candidate,false,West Cay,geographic_index,18.35872531090545,-65.0462665723619,weak_similarity
2697,st_thomas-estate-westend-and-lfttle-nnrtbddrct-quaptera,Westend and Lfttle Nnrtbddrct Quaptera,estate,st_thomas,none,ocr_or_name_cleanup_first,false,KRONPRINSENS QUARTER,geographic_index,18.34141928853635,-64.937199780302,weak_similarity
2698,st_thomas-bay-westend-bay,Westend Bay,bay,st_thomas,none,research_clean_name_no_candidate,false,West Cay,geographic_index,18.35872531090545,-65.0462665723619,weak_similarity
2700,st_thomas-point-westend-saltpond,Westend Saltpond,point,st_thomas,none,research_clean_name_no_candidate,false,West Cay,geographic_index,18.35872531090545,-65.0462665723619,weak_similarity
2701,st_thomas-point-westende,Westende,point,st_thomas,none,research_clean_name_no_candidate,false,West Cay,geographic_index,18.35872531090545,-65.0462665723619,weak_similarity
2703,st_croix-point-wetter8-point,Wetter8 Point,point,st_croix,none,ocr_or_name_cleanup_first,false,ST PETERS,geographic_index,17.74343239067965,-64.68638037446959,weak_similarity
2705,st_thomas-bay-whale-bay,Whale Bay,bay,st_thomas,none,research_clean_name_no_candidate,false,HOPE,geographic_index,18.3626612187422,-65.001633113491,weak_similarity
2706,st_thomas-bay-whale-point,Whale Point,bay,st_thomas,none,research_clean_name_no_candidate,false,HOPE,geographic_index,18.3626612187422,-65.001633113491,weak_similarity
2708,st_thomas-estate-wheel-of-fortune,Wheel-of-Fortune,estate,st_thomas,none,research_clean_name_no_candidate,false,FORTUNA,geographic_index,18.34910707085145,-65.0142865514324,weak_similarity
2712,st_thomas-estate-whim,Whim,estate,st_thomas,none,generic_fragment_do_not_coordinate,false,THOMAS,geographic_index,18.33875237679775,-64.91696678686151,weak_similarity
2716,st_croix-archive_record-whim-plantation-records,Whim Plantation Records,archive_record,st_croix,none,low_priority_non_map_record,false,Fort Frederik and Emancipation Records,geographic_index,17.7125,-64.8842,weak_similarity
2719,st_croix-estate-white,White,estate,st_croix,review,review_candidate,false,WHITE LADY,geographic_index,17.69154057388075,-64.8839468550193,contains_clean_slug
2724,st_john-bay-white-point,White Point,bay,st_john,none,research_clean_name_no_candidate,false,HOPE,geographic_index,18.34078922243555,-64.73636106952304,weak_similarity
2725,st_thomas-point-white-point-aud-cnhritahorn-point,White Point aud Cnhritahorn Point,point,st_thomas,none,research_clean_name_no_candidate,false,Three Queens Statue,geographic_index,18.341,-64.932,weak_similarity
2726,st_croix-bay-whites-bay,White's Bay,bay,st_croix,review,review_candidate,false,WHITES BAY (East),geographic_index,17.686901929189702,-64.87381669603064,contains_clean_slug
2728,st_croix-estate-whiteladies,Whiteladies,estate,st_croix,none,research_clean_name_no_candidate,false,WHITE LADY,geographic_index,17.69154057388075,-64.8839468550193,weak_similarity
2734,st_thomas-estate-wildhagen,Wildhagen,estate,st_thomas,none,research_clean_name_no_candidate,false,Magens Bay,geographic_index,18.3626,-64.9307,weak_similarity
2738,st_croix-estate-william-valley,William valley,estate,st_croix,review,review_candidate,false,WILLIAM,geographic_index,17.7361947584054,-64.88053609237156,contains_clean_slug
2740,st_croix-estate-wilson,Wilson,estate,st_croix,none,research_clean_name_no_candidate,false,WINDSOR,geographic_index,17.7603909805568,-64.77313377370525,weak_similarity
2742,st_thomas-estate-wimenog,Wimenog,estate,st_thomas,none,research_clean_name_no_candidate,false,LOUISENHOJ,geographic_index,18.35205982839385,-64.92213183992129,weak_similarity
2744,st_john-estate-windberg,Windberg,estate,st_john,none,research_clean_name_no_candidate,false,ANNABERG,geographic_index,18.36479311179155,-64.7385750100362,weak_similarity
2748,st_croix-estate-windsor-forest,Windsor Forest,estate,st_croix,review,review_candidate,false,WINDSOR,geographic_index,17.7603909805568,-64.77313377370525,contains_clean_slug
2759,st_croix-bay-woodmttage-bay,Woodmttage Bay,bay,st_croix,none,research_clean_name_no_candidate,false,WOOD COTTAGE,geographic_index,17.7355980616191,-64.6251055171592,weak_similarity
2760,st_croix-hill-woods-hill,Woods-Hill,hill,st_croix,none,research_clean_name_no_candidate,false,Lowry Hill,geographic_index,17.738359631802048,-64.67317575378715,weak_similarity
2762,st_thomas-estate-work-eifll,Work EIfll,estate,st_thomas,none,research_clean_name_no_candidate,false,Donoe Hill,geographic_index,18.3360307539689,-64.90137070522624,weak_similarity
2767,st_croix-estate-wwck-and-rest,Wwck and Rest,estate,st_croix,weak,ocr_or_name_cleanup_first,false,WORK & REST,geographic_index,17.721303820101852,-64.72422807010045,weak_similarity
2768,st_thomas-estate-wym,Wym,estate,st_thomas,none,generic_fragment_do_not_coordinate,false,Great Saint James,geographic_index,18.3105321364764,-64.8291316641308,weak_similarity
2770,st_thomas-island-xalkun-cay,Xalkun Cay,island,st_thomas,weak,review_candidate,false,KALKUM CAY,geographic_index,18.3504403569425,-65.05770189420505,weak_similarity
2771,st_croix-estate-xanchenil-ieill,Xanchenil IEill,estate,st_croix,none,research_clean_name_no_candidate,false,Annaly Hill,geographic_index,17.75136,-64.85515,weak_similarity
2772,st_thomas-bay-xandal-hill,Xandal Hill,bay,st_thomas,none,research_clean_name_no_candidate,false,Contant Hill,geographic_index,18.34442312704015,-64.95865161016525,weak_similarity
2773,st_john-bay-xandal-point,Xandal Point,bay,st_john,none,research_clean_name_no_candidate,false,MANDAHL,geographic_index,18.3113965331173,-64.7124047177175,weak_similarity
2774,st_thomas-estate-xangrove-lagoon,Xangrove Lagoon,estate,st_thomas,none,research_clean_name_no_candidate,false,TABOR & HARMONY,geographic_index,18.349611595744598,-64.88284998096904,weak_similarity
2776,st_croix-point-xanofwar-hill,Xanofwar Hill,point,st_croix,none,research_clean_name_no_candidate,false,Altona Hill,geographic_index,17.74747,-64.69236,weak_similarity
2777,st_thomas-estate-xarienhoi,Xarienhoi,estate,st_thomas,none,research_clean_name_no_candidate,false,MARIENDAL,geographic_index,18.3287034601041,-64.87492977521575,weak_similarity
2779,st_john-estate-xary-peninsula,Xary Peninsula,estate,st_john,none,research_clean_name_no_candidate,false,CAROLINA,geographic_index,18.34652014852835,-64.72762843003869,weak_similarity
2780,st_croix-estate-xarys-fancy,Xary's Fancy,estate,st_croix,review,ocr_or_name_cleanup_first,false,MARY'S FANCY,geographic_index,17.74612636309525,-64.7609306226064,similarity_or_token_overlap
2781,st_thomas-estate-xenebelc,Xenebelc,estate,st_thomas,none,research_clean_name_no_candidate,false,NELTJEBERG,geographic_index,18.3665217508679,-64.96899307113131,weak_similarity
2783,st_thomas-point-xiddle-point,Xiddle Point,point,st_thomas,none,research_clean_name_no_candidate,false,Lindbergh Bay,geographic_index,18.3354,-64.9659,weak_similarity
2785,st_john-bay-xinna-hill,Xinna Hill,bay,st_john,none,research_clean_name_no_candidate,false,Caneel Hill,geographic_index,18.34305825172645,-64.7874874960091,weak_similarity
2786,st_john-estate-xolendal,Xolendal,estate,st_john,none,research_clean_name_no_candidate,false,ZOOTENVAL,geographic_index,18.352418025614952,-64.70588966136235,weak_similarity
2788,st_john-bay-xoor-point,Xoor Point,bay,st_john,none,research_clean_name_no_candidate,false,Concordia Bay,geographic_index,18.30740743739495,-64.70375086625529,weak_similarity
2789,st_croix-bay-xopman-point,Xopman Point,bay,st_croix,none,research_clean_name_no_candidate,false,HARTMAN,geographic_index,17.72625551725455,-64.66062192582025,weak_similarity
2790,st_croix-estate-xoumt-pictom,Xoumt Pictom,estate,st_croix,none,research_clean_name_no_candidate,false,MOUNT VICTORY,geographic_index,17.750229247140048,-64.8683053275065,weak_similarity
2791,st_thomas-estate-xount-pleasant,Xount Pleasant,estate,st_thomas,none,research_clean_name_no_candidate,false,Contant,geographic_index,18.34442312704015,-64.95865161016525,weak_similarity
2793,st_john-bay-xrv-point,XRV Point,bay,st_john,none,ocr_or_name_cleanup_first,false,Mary-Point Estate,geographic_index,18.368333,-64.741389,weak_similarity
2796,st_thomas-bay-xullar-bay,Xullar Bay,bay,st_thomas,none,research_clean_name_no_candidate,false,HULL,geographic_index,18.367754652070353,-64.95262479216476,weak_similarity
2798,st_croix-historic-yaandbcatterle,Ya&bcatterle,historic,st_croix,none,ocr_or_name_cleanup_first,false,LA VALLEE,geographic_index,17.77190581223105,-64.79952848959576,weak_similarity
2799,st_thomas-point-yagens-pent,Yagens-Pent,point,st_thomas,none,research_clean_name_no_candidate,false,Haagensen House,geographic_index,18.3442,-64.9303,weak_similarity
2803,st_thomas-estate-yarandu8-h-i-l-l,Yar&u'8 H i l l,estate,st_thomas,none,ocr_or_name_cleanup_first,false,Venus Hill,historic_sites,18.353333,-64.929444,weak_similarity
2804,st_croix-estate-yartsl,Yartsl,estate,st_croix,none,research_clean_name_no_candidate,false,PARASOL,geographic_index,17.7558796915945,-64.8170085737669,weak_similarity
2805,st_thomas-island-yeevelt-key,Yeevelt Key,island,st_thomas,none,research_clean_name_no_candidate,false,HEERLEIN'S BUY,geographic_index,18.36125082859635,-64.91927951865205,weak_similarity
2808,st_croix-bay-yellow-cliff-bay,Yellow Cliff Bay,bay,st_croix,review,review_candidate,false,YELLOW CLIFF (North),geographic_index,17.7474816855347,-64.6188717208027,contains_clean_slug
2809,st_croix-bay-yellvwcliff-bay,Yellvwcliff Bay,bay,st_croix,none,ocr_or_name_cleanup_first,false,YELLOW CLIFF (North),geographic_index,17.7474816855347,-64.6188717208027,weak_similarity
2812,st_thomas-point-yohlexfels-p-o-w,Yohlexfels P o W,point,st_thomas,none,ocr_or_name_cleanup_first,false,HEERLEIN'S BUY,geographic_index,18.36125082859635,-64.91927951865205,weak_similarity
2813,st_croix-point-yorne-rand,Yorne Rand,point,st_croix,none,research_clean_name_no_candidate,false,MOUNT FANCY,geographic_index,17.72544511080075,-64.6362443031374,weak_similarity
2814,st_thomas-bay-yoskito-bay,Yoskito Bay,bay,st_thomas,none,research_clean_name_no_candidate,false,Smith Bay Road,geographic_index,18.335278251441,-64.86171891676014,weak_similarity
2815,st_john-estate-yssba-hill,Yssba Hill,estate,st_john,none,research_clean_name_no_candidate,false,Ram Hill,geographic_index,18.304556,-64.701833,weak_similarity
2818,st_thomas-estate-zambee,Zambee,estate,st_thomas,none,research_clean_name_no_candidate,false,Great Saint James,geographic_index,18.3105321364764,-64.8291316641308,weak_similarity
2819,st_john-island-zandaa-cay,Zandaa Cay,island,st_john,none,research_clean_name_no_candidate,false,CAVAL CAY,geographic_index,18.3696541915186,-64.79410767497025,weak_similarity
2820,st_john-island-zbta-cay,Zbta Cay,island,st_john,none,research_clean_name_no_candidate,false,RATA CAY,geographic_index,18.355968979736453,-64.79682105974845,weak_similarity
2825,st_john-bay-zlltdn-limeshuur-bay,ZLltdn Limeshuur Bay,bay,st_john,none,research_clean_name_no_candidate,false,Great Lameshur Bay,geographic_index,18.3215083872189,-64.72235457397085,weak_similarity
2827,st_thomas-estate-zoanncs-uyteizdaal-plantagie,Zoanncs Uyteizdaal Plantagie,estate,st_thomas,none,research_clean_name_no_candidate,false,ANNA'S RETREAT,geographic_index,18.34264445784635,-64.88706827427085,weak_similarity
2829,st_thomas-estate-zsgsr,Zsgsr,estate,st_thomas,none,research_clean_name_no_candidate,false,MISGUNST,geographic_index,18.35687840900315,-64.9333822333455,weak_similarity
2835,st_thomas-bay-zunge-bay,Zunge Bay,bay,st_thomas,none,research_clean_name_no_candidate,false,DONOE,geographic_index,18.3360307539689,-64.90137070522624,weak_similarity
